Reading package lists...
Building dependency tree...
Reading state information...
The following additional packages will be installed:
  bsdutils bubblewrap fuse3 gettext-base gfortran gfortran-13
  gfortran-13-x86-64-linux-gnu gfortran-x86-64-linux-gnu gir1.2-atk-1.0
  gir1.2-atspi-2.0 gir1.2-freedesktop gir1.2-freedesktop-dev
  gir1.2-gdkpixbuf-2.0 gir1.2-glib-2.0-dev gir1.2-gtk-3.0 gir1.2-harfbuzz-0.0
  gir1.2-javascriptcoregtk-4.1 gir1.2-pango-1.0 gir1.2-secret-1
  gir1.2-soup-3.0 gir1.2-webkit2-4.1 googletest gstreamer1.0-gl
  gstreamer1.0-plugins-base guile-3.0 guile-3.0-libs ibverbs-providers
  icu-devtools javascript-common libamd-comgr2 libamdhip64-5 libaqbanking-data
  libaqbanking44 libatk-bridge2.0-dev libatk1.0-dev libatspi2.0-dev
  libblkid-dev libblkid1 libboost-atomic-dev libboost-atomic1.83-dev
  libboost-atomic1.83.0 libboost-chrono-dev libboost-chrono1.83-dev
  libboost-chrono1.83.0t64 libboost-container-dev libboost-container1.83-dev
  libboost-container1.83.0 libboost-context-dev libboost-context1.83-dev
  libboost-context1.83.0 libboost-coroutine-dev libboost-coroutine1.83-dev
  libboost-coroutine1.83.0 libboost-date-time-dev libboost-date-time1.83-dev
  libboost-date-time1.83.0 libboost-dev libboost-exception-dev
  libboost-exception1.83-dev libboost-fiber-dev libboost-fiber1.83-dev
  libboost-fiber1.83.0 libboost-filesystem-dev libboost-filesystem1.83-dev
  libboost-filesystem1.83.0 libboost-graph-dev libboost-graph-parallel-dev
  libboost-graph-parallel1.83-dev libboost-graph-parallel1.83.0
  libboost-graph1.83-dev libboost-graph1.83.0 libboost-iostreams-dev
  libboost-iostreams1.83-dev libboost-iostreams1.83.0 libboost-json-dev
  libboost-json1.83-dev libboost-json1.83.0 libboost-locale-dev
  libboost-locale1.83-dev libboost-locale1.83.0 libboost-log-dev
  libboost-log1.83-dev libboost-log1.83.0 libboost-math-dev
  libboost-math1.83-dev libboost-math1.83.0 libboost-mpi-dev
  libboost-mpi-python-dev libboost-mpi-python1.83-dev
  libboost-mpi-python1.83.0 libboost-mpi1.83-dev libboost-mpi1.83.0
  libboost-nowide-dev libboost-nowide1.83-dev libboost-nowide1.83.0
  libboost-numpy-dev libboost-numpy1.83-dev libboost-numpy1.83.0
  libboost-program-options-dev libboost-program-options1.83-dev
  libboost-program-options1.83.0 libboost-python-dev libboost-python1.83-dev
  libboost-python1.83.0 libboost-random-dev libboost-random1.83-dev
  libboost-random1.83.0 libboost-regex-dev libboost-regex1.83-dev
  libboost-regex1.83.0 libboost-serialization-dev
  libboost-serialization1.83-dev libboost-serialization1.83.0
  libboost-stacktrace-dev libboost-stacktrace1.83-dev
  libboost-stacktrace1.83.0 libboost-system-dev libboost-system1.83-dev
  libboost-system1.83.0 libboost-test-dev libboost-test1.83-dev
  libboost-test1.83.0 libboost-thread-dev libboost-thread1.83-dev
  libboost-thread1.83.0 libboost-timer-dev libboost-timer1.83-dev
  libboost-timer1.83.0 libboost-tools-dev libboost-type-erasure-dev
  libboost-type-erasure1.83-dev libboost-type-erasure1.83.0 libboost-url-dev
  libboost-url1.83-dev libboost-url1.83.0 libboost-wave-dev
  libboost-wave1.83-dev libboost-wave1.83.0 libboost1.83-dev
  libboost1.83-tools-dev libcaf-openmpi-3t64 libcairo2-dev libcoarrays-dev
  libcoarrays-openmpi-dev libdatrie-dev libdbi1t64 libdbus-1-dev
  libdeflate-dev libegl-dev libegl-mesa0 libegl1-mesa-dev libepoxy-dev
  libevent-dev libevent-extra-2.1-7t64 libevent-openssl-2.1-7t64
  libevent-pthreads-2.1-7t64 libfabric1 libfdisk1 libfribidi-dev libfuse3-3
  libgbm1 libgc-dev libgcrypt20 libgcrypt20-dev libgdk-pixbuf-2.0-0
  libgdk-pixbuf-2.0-dev libgdk-pixbuf2.0-bin libgdk-pixbuf2.0-common
  libgfortran-13-dev libgirepository-2.0-0 libgl-dev libgl1-mesa-dri
  libgles-dev libgles1 libglib2.0-dev-bin libglvnd-core-dev libglvnd-dev
  libglx-dev libglx-mesa0 libgpg-error-dev libgraphite2-3 libgraphite2-dev
  libgstreamer-gl1.0-0 libgstreamer-plugins-base1.0-0 libgtk-3-dev
  libgwengui-gtk3-79t64 libgwenhywfar-data libgwenhywfar79t64
  libharfbuzz-cairo0 libharfbuzz-dev libharfbuzz-gobject0 libharfbuzz-subset0
  libhsa-runtime64-1 libhsakmt1 libhwloc-dev libhwloc-plugins libhwloc15
  libibverbs-dev libice-dev libicu-dev libjavascriptcoregtk-4.1-0
  libjavascriptcoregtk-4.1-dev libjbig-dev libjpeg-dev libjpeg-turbo8-dev
  libjpeg8-dev libjs-jquery libjs-jquery-ui libjs-sphinxdoc libjs-underscore
  liblerc-dev libllvm17t64 libltdl-dev libltdl7 libmount-dev libmount1
  libmunge2 libnghttp2-14 libnghttp2-dev libnl-3-dev libnl-route-3-dev
  libnuma-dev libofx7t64 libopengl-dev libopenmpi-dev libopenmpi3t64
  libosp-dev libosp5 libpango1.0-dev libpangoxft-1.0-0 libpcre2-16-0
  libpcre2-32-0 libpcre2-dev libpcre2-posix3 libpixman-1-dev libpmix-dev
  libpmix2t64 libpsl-dev libpsm-infinipath1 libpsm2-2 libpython3-dev
  libpython3.12-dev libpython3.12-minimal libpython3.12-stdlib
  libpython3.12t64 librdmacm1t64 libselinux1-dev libsepol-dev libsharpyuv-dev
  libsm-dev libsmartcols1 libsoup-3.0-dev libsysprof-capture-4-dev libthai-dev
  libtiff-dev libtiff6 libtiffxx6 libucx0 libuuid1 libwayland-bin
  libwayland-dev libwebkit2gtk-4.1-0 libwebp-dev libwebpdecoder3
  libxcb-render0-dev libxcb-shm0-dev libxcomposite-dev libxcursor-dev
  libxdamage-dev libxfixes-dev libxi-dev libxinerama-dev libxkbcommon-dev
  libxml2 libxmlsec1t64 libxnvctrl0 libxrandr-dev libxtst-dev libzstd-dev
  mesa-libgallium mount mpi-default-bin mpi-default-dev openmpi-bin
  openmpi-common opensp pango1.0-tools python3.12 python3.12-dev
  python3.12-minimal python3.12-venv util-linux uuid-dev wayland-protocols
  xdg-dbus-proxy xdg-desktop-portal xdg-desktop-portal-gtk
Suggested packages:
  autopoint gettext-doc libasprintf-dev libgettextpo-dev gfortran-multilib
  gfortran-doc gfortran-13-multilib gfortran-13-doc gvfs guile-3.0-doc apache2
  | lighttpd | httpd aqbanking-tools libboost-doc graphviz libboost1.83-doc
  gccxml libboost-contract1.83-dev libmpfrc++-dev libntl-dev doxygen
  docbook-xml docbook-xsl default-jdk fop libcairo2-doc libdatrie-doc
  rng-tools libgcrypt20-doc libglib2.0-doc libxml2-utils libgraphite2-utils
  libvisual-0.4-plugins libgtk-3-doc libgwenhywfar-doc gwenhywfar-tools
  libhwloc-contrib-plugins libice-doc icu-doc libjs-jquery-ui-docs libtool-doc
  cryptsetup-bin libnghttp2-doc libofx-doc ofx openmpi-doc libpango1.0-doc
  libsm-doc libsoup-3.0-doc libthai-doc libwayland-doc gstreamer1.0-alsa
  nfs-common doc-base sgml-data graphicsmagick python3.12-doc binfmt-support
  swig-doc swig-examples dosfstools kbd util-linux-extra util-linux-locales
  accountsservice evince xdg-desktop-portal-gnome
Recommended packages:
  bsdextrautils uuid-runtime
The following NEW packages will be installed:
  bubblewrap fuse3 gettext gettext-base gfortran gfortran-13
  gfortran-13-x86-64-linux-gnu gfortran-x86-64-linux-gnu gir1.2-atk-1.0
  gir1.2-atspi-2.0 gir1.2-freedesktop gir1.2-freedesktop-dev
  gir1.2-gdkpixbuf-2.0 gir1.2-glib-2.0-dev gir1.2-gtk-3.0 gir1.2-harfbuzz-0.0
  gir1.2-javascriptcoregtk-4.1 gir1.2-pango-1.0 gir1.2-secret-1
  gir1.2-soup-3.0 gir1.2-webkit2-4.1 googletest gstreamer1.0-gl guile-3.0
  guile-3.0-dev guile-3.0-libs ibverbs-providers icu-devtools
  javascript-common libamd-comgr2 libamdhip64-5 libaqbanking-data
  libaqbanking-dev libaqbanking44 libatk-bridge2.0-dev libatk1.0-dev
  libatspi2.0-dev libblkid-dev libboost-all-dev libboost-atomic-dev
  libboost-atomic1.83-dev libboost-atomic1.83.0 libboost-chrono-dev
  libboost-chrono1.83-dev libboost-chrono1.83.0t64 libboost-container-dev
  libboost-container1.83-dev libboost-container1.83.0 libboost-context-dev
  libboost-context1.83-dev libboost-context1.83.0 libboost-coroutine-dev
  libboost-coroutine1.83-dev libboost-coroutine1.83.0 libboost-date-time-dev
  libboost-date-time1.83-dev libboost-date-time1.83.0 libboost-dev
  libboost-exception-dev libboost-exception1.83-dev libboost-fiber-dev
  libboost-fiber1.83-dev libboost-fiber1.83.0 libboost-filesystem-dev
  libboost-filesystem1.83-dev libboost-filesystem1.83.0 libboost-graph-dev
  libboost-graph-parallel-dev libboost-graph-parallel1.83-dev
  libboost-graph-parallel1.83.0 libboost-graph1.83-dev libboost-graph1.83.0
  libboost-iostreams-dev libboost-iostreams1.83-dev libboost-iostreams1.83.0
  libboost-json-dev libboost-json1.83-dev libboost-json1.83.0
  libboost-locale-dev libboost-locale1.83-dev libboost-locale1.83.0
  libboost-log-dev libboost-log1.83-dev libboost-log1.83.0 libboost-math-dev
  libboost-math1.83-dev libboost-math1.83.0 libboost-mpi-dev
  libboost-mpi-python-dev libboost-mpi-python1.83-dev
  libboost-mpi-python1.83.0 libboost-mpi1.83-dev libboost-mpi1.83.0
  libboost-nowide-dev libboost-nowide1.83-dev libboost-nowide1.83.0
  libboost-numpy-dev libboost-numpy1.83-dev libboost-numpy1.83.0
  libboost-program-options-dev libboost-program-options1.83-dev
  libboost-program-options1.83.0 libboost-python-dev libboost-python1.83-dev
  libboost-python1.83.0 libboost-random-dev libboost-random1.83-dev
  libboost-random1.83.0 libboost-regex-dev libboost-regex1.83-dev
  libboost-regex1.83.0 libboost-serialization-dev
  libboost-serialization1.83-dev libboost-serialization1.83.0
  libboost-stacktrace-dev libboost-stacktrace1.83-dev
  libboost-stacktrace1.83.0 libboost-system-dev libboost-system1.83-dev
  libboost-system1.83.0 libboost-test-dev libboost-test1.83-dev
  libboost-test1.83.0 libboost-thread-dev libboost-thread1.83-dev
  libboost-thread1.83.0 libboost-timer-dev libboost-timer1.83-dev
  libboost-timer1.83.0 libboost-tools-dev libboost-type-erasure-dev
  libboost-type-erasure1.83-dev libboost-type-erasure1.83.0 libboost-url-dev
  libboost-url1.83-dev libboost-url1.83.0 libboost-wave-dev
  libboost-wave1.83-dev libboost-wave1.83.0 libboost1.83-dev
  libboost1.83-tools-dev libcaf-openmpi-3t64 libcairo2-dev libcoarrays-dev
  libcoarrays-openmpi-dev libdatrie-dev libdbd-sqlite3 libdbi-dev libdbi1t64
  libdbus-1-dev libdeflate-dev libegl-dev libegl1-mesa-dev libepoxy-dev
  libevent-dev libevent-extra-2.1-7t64 libevent-openssl-2.1-7t64
  libevent-pthreads-2.1-7t64 libfabric1 libfribidi-dev libfuse3-3 libgc-dev
  libgcrypt20-dev libgdk-pixbuf-2.0-dev libgdk-pixbuf2.0-bin
  libgfortran-13-dev libgirepository-2.0-0 libgl-dev libgles-dev libgles1
  libglib2.0-dev libglib2.0-dev-bin libglvnd-core-dev libglvnd-dev libglx-dev
  libgmock-dev libgpg-error-dev libgraphite2-dev libgtest-dev libgtk-3-dev
  libgwengui-gtk3-79t64 libgwengui-gtk3-dev libgwenhywfar-core-dev
  libgwenhywfar-data libgwenhywfar79t64 libharfbuzz-cairo0 libharfbuzz-dev
  libharfbuzz-gobject0 libharfbuzz-subset0 libhsa-runtime64-1 libhsakmt1
  libhwloc-dev libhwloc-plugins libhwloc15 libibverbs-dev libice-dev
  libicu-dev libjavascriptcoregtk-4.1-0 libjavascriptcoregtk-4.1-dev
  libjbig-dev libjpeg-dev libjpeg-turbo8-dev libjpeg8-dev libjs-jquery
  libjs-jquery-ui libjs-sphinxdoc libjs-underscore liblerc-dev libllvm17t64
  libltdl-dev libltdl7 libmount-dev libmunge2 libnghttp2-dev libnl-3-dev
  libnl-route-3-dev libnuma-dev libofx-dev libofx7t64 libopengl-dev
  libopenmpi-dev libopenmpi3t64 libosp-dev libosp5 libpango1.0-dev
  libpangoxft-1.0-0 libpcre2-16-0 libpcre2-32-0 libpcre2-dev libpcre2-posix3
  libpixman-1-dev libpmix-dev libpmix2t64 libpsl-dev libpsm-infinipath1
  libpsm2-2 libpython3-dev libpython3.12-dev librdmacm1t64 libsecret-1-dev
  libselinux1-dev libsepol-dev libsharpyuv-dev libsm-dev libsoup-3.0-dev
  libsysprof-capture-4-dev libthai-dev libtiff-dev libtiffxx6 libucx0
  libwayland-bin libwayland-dev libwebkit2gtk-4.1-0 libwebkit2gtk-4.1-dev
  libwebp-dev libwebpdecoder3 libxcb-render0-dev libxcb-shm0-dev
  libxcomposite-dev libxcursor-dev libxdamage-dev libxfixes-dev libxi-dev
  libxinerama-dev libxkbcommon-dev libxml2-dev libxmlsec1t64 libxnvctrl0
  libxrandr-dev libxslt1-dev libxtst-dev libzstd-dev mpi-default-bin
  mpi-default-dev openmpi-bin openmpi-common opensp pango1.0-tools python3-dev
  python3.12-dev swig wayland-protocols xdg-dbus-proxy xdg-desktop-portal
  xdg-desktop-portal-gtk xsltproc
The following packages will be upgraded:
  bsdutils gstreamer1.0-plugins-base libblkid1 libegl-mesa0 libfdisk1 libgbm1
  libgcrypt20 libgdk-pixbuf-2.0-0 libgdk-pixbuf2.0-common libgl1-mesa-dri
  libglx-mesa0 libgraphite2-3 libgstreamer-gl1.0-0
  libgstreamer-plugins-base1.0-0 libmount1 libnghttp2-14 libpython3.12-minimal
  libpython3.12-stdlib libpython3.12t64 libsmartcols1 libtiff6 libuuid1
  libxml2 mesa-libgallium mount python3.12 python3.12-minimal python3.12-venv
  util-linux uuid-dev
30 upgraded, 286 newly installed, 0 to remove and 169 not upgraded.
Need to get 217 MB of archives.
After this operation, 1063 MB of additional disk space will be used.
Get:1 http://us-central1.gce.archive.ubuntu.com/ubuntu noble-updates/main amd64 bsdutils amd64 1:2.39.3-9ubuntu6.5 [96.1 kB]
Get:2 http://us-central1.gce.archive.ubuntu.com/ubuntu noble-updates/main amd64 util-linux amd64 2.39.3-9ubuntu6.5 [1128 kB]
Get:3 http://us-central1.gce.archive.ubuntu.com/ubuntu noble-updates/main amd64 mount amd64 2.39.3-9ubuntu6.5 [118 kB]
Get:4 http://us-central1.gce.archive.ubuntu.com/ubuntu noble-updates/universe amd64 python3.12-venv amd64 3.12.3-1ubuntu0.15 [5674 B]
Get:5 http://us-central1.gce.archive.ubuntu.com/ubuntu noble-updates/main amd64 libpython3.12t64 amd64 3.12.3-1ubuntu0.15 [2339 kB]
Get:6 http://us-central1.gce.archive.ubuntu.com/ubuntu noble-updates/main amd64 python3.12 amd64 3.12.3-1ubuntu0.15 [651 kB]
Get:7 http://us-central1.gce.archive.ubuntu.com/ubuntu noble-updates/main amd64 libpython3.12-stdlib amd64 3.12.3-1ubuntu0.15 [2071 kB]
Get:8 http://us-central1.gce.archive.ubuntu.com/ubuntu noble-updates/main amd64 python3.12-minimal amd64 3.12.3-1ubuntu0.15 [2334 kB]
Get:9 http://us-central1.gce.archive.ubuntu.com/ubuntu noble-updates/main amd64 libpython3.12-minimal amd64 3.12.3-1ubuntu0.15 [839 kB]
Get:10 http://us-central1.gce.archive.ubuntu.com/ubuntu noble-updates/main amd64 libblkid1 amd64 2.39.3-9ubuntu6.5 [123 kB]
Get:11 http://us-central1.gce.archive.ubuntu.com/ubuntu noble-updates/main amd64 libgcrypt20 amd64 1.10.3-2ubuntu0.1 [532 kB]
Get:12 http://us-central1.gce.archive.ubuntu.com/ubuntu noble-updates/main amd64 libmount1 amd64 2.39.3-9ubuntu6.5 [134 kB]
Get:13 http://us-central1.gce.archive.ubuntu.com/ubuntu noble-updates/main amd64 libsmartcols1 amd64 2.39.3-9ubuntu6.5 [65.8 kB]
Get:14 http://us-central1.gce.archive.ubuntu.com/ubuntu noble-updates/main amd64 uuid-dev amd64 2.39.3-9ubuntu6.5 [33.5 kB]
Get:15 http://us-central1.gce.archive.ubuntu.com/ubuntu noble-updates/main amd64 libuuid1 amd64 2.39.3-9ubuntu6.5 [36.1 kB]
Get:16 http://us-central1.gce.archive.ubuntu.com/ubuntu noble-updates/main amd64 libfdisk1 amd64 2.39.3-9ubuntu6.5 [146 kB]
Get:17 http://us-central1.gce.archive.ubuntu.com/ubuntu noble-updates/main amd64 libxml2 amd64 2.9.14+dfsg-1.3ubuntu3.8 [764 kB]
Get:18 http://us-central1.gce.archive.ubuntu.com/ubuntu noble/main amd64 libfuse3-3 amd64 3.14.0-5build1 [83.1 kB]
Get:19 http://us-central1.gce.archive.ubuntu.com/ubuntu noble/main amd64 fuse3 amd64 3.14.0-5build1 [25.2 kB]
Get:20 http://us-central1.gce.archive.ubuntu.com/ubuntu noble/main amd64 gettext-base amd64 0.21-14ubuntu2 [38.4 kB]
Get:21 http://us-central1.gce.archive.ubuntu.com/ubuntu noble-updates/main amd64 ibverbs-providers amd64 50.0-2ubuntu0.2 [381 kB]
Get:22 http://us-central1.gce.archive.ubuntu.com/ubuntu noble-updates/main amd64 libnghttp2-14 amd64 1.59.0-1ubuntu0.4 [74.6 kB]
Get:23 http://us-central1.gce.archive.ubuntu.com/ubuntu noble-updates/main amd64 bubblewrap amd64 0.9.0-1ubuntu0.1 [50.2 kB]
Get:24 http://us-central1.gce.archive.ubuntu.com/ubuntu noble/main amd64 gettext amd64 0.21-14ubuntu2 [864 kB]
Get:25 http://us-central1.gce.archive.ubuntu.com/ubuntu noble-updates/main amd64 libgfortran-13-dev amd64 13.3.0-6ubuntu2~24.04.1 [928 kB]
Get:26 http://us-central1.gce.archive.ubuntu.com/ubuntu noble-updates/main amd64 gfortran-13-x86-64-linux-gnu amd64 13.3.0-6ubuntu2~24.04.1 [11.4 MB]
Get:27 http://us-central1.gce.archive.ubuntu.com/ubuntu noble-updates/main amd64 gfortran-13 amd64 13.3.0-6ubuntu2~24.04.1 [13.9 kB]
Get:28 http://us-central1.gce.archive.ubuntu.com/ubuntu noble/main amd64 gfortran-x86-64-linux-gnu amd64 4:13.2.0-7ubuntu1 [1024 B]
Get:29 http://us-central1.gce.archive.ubuntu.com/ubuntu noble/main amd64 gfortran amd64 4:13.2.0-7ubuntu1 [1176 B]
Get:30 http://us-central1.gce.archive.ubuntu.com/ubuntu noble/main amd64 gir1.2-atk-1.0 amd64 2.52.0-1build1 [23.1 kB]
Get:31 http://us-central1.gce.archive.ubuntu.com/ubuntu noble/main amd64 gir1.2-freedesktop amd64 1.80.1-1 [49.7 kB]
Get:32 http://us-central1.gce.archive.ubuntu.com/ubuntu noble/main amd64 gir1.2-atspi-2.0 amd64 2.52.0-1build1 [19.8 kB]
Get:33 http://us-central1.gce.archive.ubuntu.com/ubuntu noble-updates/main amd64 gir1.2-glib-2.0-dev amd64 2.80.0-6ubuntu3.8 [848 kB]
Get:34 http://us-central1.gce.archive.ubuntu.com/ubuntu noble/main amd64 gir1.2-freedesktop-dev amd64 1.80.1-1 [28.8 kB]
Get:35 http://us-central1.gce.archive.ubuntu.com/ubuntu noble-updates/main amd64 libgdk-pixbuf2.0-common all 2.42.10+dfsg-3ubuntu3.3 [8302 B]
Get:36 http://us-central1.gce.archive.ubuntu.com/ubuntu noble-updates/main amd64 libtiff6 amd64 4.5.1+git230720-4ubuntu2.5 [200 kB]
Get:37 http://us-central1.gce.archive.ubuntu.com/ubuntu noble-updates/main amd64 libgdk-pixbuf-2.0-0 amd64 2.42.10+dfsg-3ubuntu3.3 [147 kB]
Get:38 http://us-central1.gce.archive.ubuntu.com/ubuntu noble-updates/main amd64 gir1.2-gdkpixbuf-2.0 amd64 2.42.10+dfsg-3ubuntu3.3 [9482 B]
Get:39 http://us-central1.gce.archive.ubuntu.com/ubuntu noble/main amd64 libharfbuzz-gobject0 amd64 8.3.0-2build2 [34.3 kB]
Get:40 http://us-central1.gce.archive.ubuntu.com/ubuntu noble/main amd64 gir1.2-harfbuzz-0.0 amd64 8.3.0-2build2 [44.5 kB]
Get:41 http://us-central1.gce.archive.ubuntu.com/ubuntu noble/main amd64 libpangoxft-1.0-0 amd64 1.52.1+ds-1build1 [20.3 kB]
Get:42 http://us-central1.gce.archive.ubuntu.com/ubuntu noble/main amd64 gir1.2-pango-1.0 amd64 1.52.1+ds-1build1 [34.8 kB]
Get:43 http://us-central1.gce.archive.ubuntu.com/ubuntu noble-updates/main amd64 gir1.2-gtk-3.0 amd64 3.24.41-4ubuntu1.3 [245 kB]
Get:44 http://us-central1.gce.archive.ubuntu.com/ubuntu noble-updates/main amd64 libjavascriptcoregtk-4.1-0 amd64 2.52.3-0ubuntu0.24.04.1 [8141 kB]
Get:45 http://us-central1.gce.archive.ubuntu.com/ubuntu noble-updates/main amd64 gir1.2-javascriptcoregtk-4.1 amd64 2.52.3-0ubuntu0.24.04.1 [38.6 kB]
Get:46 http://us-central1.gce.archive.ubuntu.com/ubuntu noble/main amd64 gir1.2-secret-1 amd64 0.21.4-1build3 [9424 B]
Get:47 http://us-central1.gce.archive.ubuntu.com/ubuntu noble-updates/main amd64 gir1.2-soup-3.0 amd64 3.4.4-5ubuntu0.7 [22.5 kB]
Get:48 http://us-central1.gce.archive.ubuntu.com/ubuntu noble-updates/main amd64 libgstreamer-plugins-base1.0-0 amd64 1.24.2-1ubuntu0.4 [862 kB]
Get:49 http://us-central1.gce.archive.ubuntu.com/ubuntu noble-updates/main amd64 gstreamer1.0-plugins-base amd64 1.24.2-1ubuntu0.4 [721 kB]
Get:50 http://us-central1.gce.archive.ubuntu.com/ubuntu noble-updates/main amd64 xdg-dbus-proxy amd64 0.1.5-1ubuntu0.2 [26.4 kB]
Get:51 http://us-central1.gce.archive.ubuntu.com/ubuntu noble-updates/main amd64 libgl1-mesa-dri amd64 25.2.8-0ubuntu0.24.04.2 [37.9 kB]
Get:52 http://us-central1.gce.archive.ubuntu.com/ubuntu noble-updates/main amd64 libglx-mesa0 amd64 25.2.8-0ubuntu0.24.04.2 [110 kB]
Get:53 http://us-central1.gce.archive.ubuntu.com/ubuntu noble-updates/main amd64 libegl-mesa0 amd64 25.2.8-0ubuntu0.24.04.2 [117 kB]
Get:54 http://us-central1.gce.archive.ubuntu.com/ubuntu noble-updates/main amd64 libgbm1 amd64 25.2.8-0ubuntu0.24.04.2 [34.2 kB]
Get:55 http://us-central1.gce.archive.ubuntu.com/ubuntu noble-updates/main amd64 mesa-libgallium amd64 25.2.8-0ubuntu0.24.04.2 [10.8 MB]
Get:56 http://us-central1.gce.archive.ubuntu.com/ubuntu noble-updates/main amd64 libgstreamer-gl1.0-0 amd64 1.24.2-1ubuntu0.4 [214 kB]
Get:57 http://us-central1.gce.archive.ubuntu.com/ubuntu noble-updates/main amd64 libwebkit2gtk-4.1-0 amd64 2.52.3-0ubuntu0.24.04.1 [25.1 MB]
Get:58 http://us-central1.gce.archive.ubuntu.com/ubuntu noble-updates/main amd64 gir1.2-webkit2-4.1 amd64 2.52.3-0ubuntu0.24.04.1 [105 kB]
Get:59 http://us-central1.gce.archive.ubuntu.com/ubuntu noble/universe amd64 googletest all 1.14.0-1 [521 kB]
Get:60 http://us-central1.gce.archive.ubuntu.com/ubuntu noble-updates/main amd64 gstreamer1.0-gl amd64 1.24.2-1ubuntu0.4 [116 kB]
Get:61 http://us-central1.gce.archive.ubuntu.com/ubuntu noble/universe amd64 guile-3.0-libs amd64 3.0.9-1build2 [7630 kB]
Get:62 http://us-central1.gce.archive.ubuntu.com/ubuntu noble/universe amd64 guile-3.0 amd64 3.0.9-1build2 [16.4 kB]
Get:63 http://us-central1.gce.archive.ubuntu.com/ubuntu noble/main amd64 libltdl7 amd64 2.4.7-7build1 [40.3 kB]
Get:64 http://us-central1.gce.archive.ubuntu.com/ubuntu noble/main amd64 libltdl-dev amd64 2.4.7-7build1 [168 kB]
Get:65 http://us-central1.gce.archive.ubuntu.com/ubuntu noble/main amd64 libgc-dev amd64 1:8.2.6-1build1 [261 kB]
Get:66 http://us-central1.gce.archive.ubuntu.com/ubuntu noble/universe amd64 guile-3.0-dev amd64 3.0.9-1build2 [692 kB]
Get:67 http://us-central1.gce.archive.ubuntu.com/ubuntu noble-updates/main amd64 icu-devtools amd64 74.2-1ubuntu3.1 [212 kB]
Get:68 http://us-central1.gce.archive.ubuntu.com/ubuntu noble/main amd64 javascript-common all 11+nmu1 [5936 B]
Get:69 http://us-central1.gce.archive.ubuntu.com/ubuntu noble/main amd64 libllvm17t64 amd64 1:17.0.6-9ubuntu1 [26.2 MB]
Get:70 http://us-central1.gce.archive.ubuntu.com/ubuntu noble/universe amd64 libamd-comgr2 amd64 6.0+git20231212.4510c28+dfsg-3build2 [14.4 MB]
Get:71 http://us-central1.gce.archive.ubuntu.com/ubuntu noble/universe amd64 libhsakmt1 amd64 5.7.0-1build1 [62.9 kB]
Get:72 http://us-central1.gce.archive.ubuntu.com/ubuntu noble/universe amd64 libhsa-runtime64-1 amd64 5.7.1-2build1 [491 kB]
Get:73 http://us-central1.gce.archive.ubuntu.com/ubuntu noble/universe amd64 libamdhip64-5 amd64 5.7.1-3 [9621 kB]
Get:74 http://us-central1.gce.archive.ubuntu.com/ubuntu noble/universe amd64 libaqbanking-data all 6.5.4-2build3 [441 kB]
Get:75 http://us-central1.gce.archive.ubuntu.com/ubuntu noble/universe amd64 libgwenhywfar-data all 5.10.2-2.1build4 [26.1 kB]
Get:76 http://us-central1.gce.archive.ubuntu.com/ubuntu noble/universe amd64 libgwenhywfar79t64 amd64 5.10.2-2.1build4 [485 kB]
Get:77 http://us-central1.gce.archive.ubuntu.com/ubuntu noble/main amd64 libxmlsec1t64 amd64 1.2.39-5build2 [153 kB]
Get:78 http://us-central1.gce.archive.ubuntu.com/ubuntu noble/universe amd64 libaqbanking44 amd64 6.5.4-2build3 [677 kB]
Get:79 http://us-central1.gce.archive.ubuntu.com/ubuntu noble/universe amd64 libgwenhywfar-core-dev amd64 5.10.2-2.1build4 [118 kB]
Get:80 http://us-central1.gce.archive.ubuntu.com/ubuntu noble/universe amd64 libaqbanking-dev amd64 6.5.4-2build3 [38.7 kB]
Get:81 http://us-central1.gce.archive.ubuntu.com/ubuntu noble-updates/main amd64 libglib2.0-dev-bin amd64 2.80.0-6ubuntu3.8 [138 kB]
Get:82 http://us-central1.gce.archive.ubuntu.com/ubuntu noble-updates/main amd64 libblkid-dev amd64 2.39.3-9ubuntu6.5 [204 kB]
Get:83 http://us-central1.gce.archive.ubuntu.com/ubuntu noble/main amd64 libsepol-dev amd64 3.5-2build1 [384 kB]
Get:84 http://us-central1.gce.archive.ubuntu.com/ubuntu noble-updates/main amd64 libpcre2-16-0 amd64 10.42-4ubuntu2.1 [210 kB]
Get:85 http://us-central1.gce.archive.ubuntu.com/ubuntu noble-updates/main amd64 libpcre2-32-0 amd64 10.42-4ubuntu2.1 [197 kB]
Get:86 http://us-central1.gce.archive.ubuntu.com/ubuntu noble-updates/main amd64 libpcre2-posix3 amd64 10.42-4ubuntu2.1 [6748 B]
Get:87 http://us-central1.gce.archive.ubuntu.com/ubuntu noble-updates/main amd64 libpcre2-dev amd64 10.42-4ubuntu2.1 [736 kB]
Get:88 http://us-central1.gce.archive.ubuntu.com/ubuntu noble-updates/main amd64 libselinux1-dev amd64 3.5-2ubuntu2.1 [164 kB]
Get:89 http://us-central1.gce.archive.ubuntu.com/ubuntu noble-updates/main amd64 libmount-dev amd64 2.39.3-9ubuntu6.5 [14.9 kB]
Get:90 http://us-central1.gce.archive.ubuntu.com/ubuntu noble-updates/main amd64 libgirepository-2.0-0 amd64 2.80.0-6ubuntu3.8 [73.6 kB]
Get:91 http://us-central1.gce.archive.ubuntu.com/ubuntu noble-updates/main amd64 libglib2.0-dev amd64 2.80.0-6ubuntu3.8 [1860 kB]
Get:92 http://us-central1.gce.archive.ubuntu.com/ubuntu noble/main amd64 libatk1.0-dev amd64 2.52.0-1build1 [100 kB]
Get:93 http://us-central1.gce.archive.ubuntu.com/ubuntu noble-updates/main amd64 libdbus-1-dev amd64 1.14.10-4ubuntu4.1 [190 kB]
Get:94 http://us-central1.gce.archive.ubuntu.com/ubuntu noble/main amd64 libxfixes-dev amd64 1:6.0.0-2build1 [12.1 kB]
Get:95 http://us-central1.gce.archive.ubuntu.com/ubuntu noble/main amd64 libxi-dev amd64 2:1.8.1-1build1 [194 kB]
Get:96 http://us-central1.gce.archive.ubuntu.com/ubuntu noble/main amd64 libxtst-dev amd64 2:1.2.3-1.1build1 [15.9 kB]
Get:97 http://us-central1.gce.archive.ubuntu.com/ubuntu noble/main amd64 libatspi2.0-dev amd64 2.52.0-1build1 [76.2 kB]
Get:98 http://us-central1.gce.archive.ubuntu.com/ubuntu noble/main amd64 libatk-bridge2.0-dev amd64 2.52.0-1build1 [4284 B]
Get:99 http://us-central1.gce.archive.ubuntu.com/ubuntu noble-updates/main amd64 libboost1.83-dev amd64 1.83.0-2.1ubuntu3.2 [10.7 MB]
Get:100 http://us-central1.gce.archive.ubuntu.com/ubuntu noble/main amd64 libboost-dev amd64 1.83.0.1ubuntu2 [4308 B]
Get:101 http://us-central1.gce.archive.ubuntu.com/ubuntu noble-updates/main amd64 libboost1.83-tools-dev amd64 1.83.0-2.1ubuntu3.2 [1402 kB]
Get:102 http://us-central1.gce.archive.ubuntu.com/ubuntu noble/universe amd64 libboost-tools-dev amd64 1.83.0.1ubuntu2 [4238 B]
Get:103 http://us-central1.gce.archive.ubuntu.com/ubuntu noble-updates/main amd64 libboost-atomic1.83.0 amd64 1.83.0-2.1ubuntu3.2 [240 kB]
Get:104 http://us-central1.gce.archive.ubuntu.com/ubuntu noble-updates/main amd64 libboost-atomic1.83-dev amd64 1.83.0-2.1ubuntu3.2 [235 kB]
Get:105 http://us-central1.gce.archive.ubuntu.com/ubuntu noble/universe amd64 libboost-atomic-dev amd64 1.83.0.1ubuntu2 [4360 B]
Get:106 http://us-central1.gce.archive.ubuntu.com/ubuntu noble-updates/main amd64 libboost-chrono1.83.0t64 amd64 1.83.0-2.1ubuntu3.2 [245 kB]
Get:107 http://us-central1.gce.archive.ubuntu.com/ubuntu noble-updates/main amd64 libboost-chrono1.83-dev amd64 1.83.0-2.1ubuntu3.2 [246 kB]
Get:108 http://us-central1.gce.archive.ubuntu.com/ubuntu noble/universe amd64 libboost-chrono-dev amd64 1.83.0.1ubuntu2 [4672 B]
Get:109 http://us-central1.gce.archive.ubuntu.com/ubuntu noble-updates/universe amd64 libboost-container1.83.0 amd64 1.83.0-2.1ubuntu3.2 [261 kB]
Get:110 http://us-central1.gce.archive.ubuntu.com/ubuntu noble-updates/universe amd64 libboost-container1.83-dev amd64 1.83.0-2.1ubuntu3.2 [267 kB]
Get:111 http://us-central1.gce.archive.ubuntu.com/ubuntu noble/universe amd64 libboost-container-dev amd64 1.83.0.1ubuntu2 [4530 B]
Get:112 http://us-central1.gce.archive.ubuntu.com/ubuntu noble-updates/main amd64 libboost-date-time1.83.0 amd64 1.83.0-2.1ubuntu3.2 [236 kB]
Get:113 http://us-central1.gce.archive.ubuntu.com/ubuntu noble-updates/main amd64 libboost-serialization1.83.0 amd64 1.83.0-2.1ubuntu3.2 [341 kB]
Get:114 http://us-central1.gce.archive.ubuntu.com/ubuntu noble-updates/main amd64 libboost-serialization1.83-dev amd64 1.83.0-2.1ubuntu3.2 [387 kB]
Get:115 http://us-central1.gce.archive.ubuntu.com/ubuntu noble-updates/main amd64 libboost-date-time1.83-dev amd64 1.83.0-2.1ubuntu3.2 [239 kB]
Get:116 http://us-central1.gce.archive.ubuntu.com/ubuntu noble-updates/main amd64 libboost-system1.83.0 amd64 1.83.0-2.1ubuntu3.2 [236 kB]
Get:117 http://us-central1.gce.archive.ubuntu.com/ubuntu noble-updates/main amd64 libboost-system1.83-dev amd64 1.83.0-2.1ubuntu3.2 [231 kB]
Get:118 http://us-central1.gce.archive.ubuntu.com/ubuntu noble-updates/main amd64 libboost-thread1.83.0 amd64 1.83.0-2.1ubuntu3.2 [276 kB]
Get:119 http://us-central1.gce.archive.ubuntu.com/ubuntu noble-updates/main amd64 libboost-thread1.83-dev amd64 1.83.0-2.1ubuntu3.2 [282 kB]
Get:120 http://us-central1.gce.archive.ubuntu.com/ubuntu noble-updates/main amd64 libboost-context1.83.0 amd64 1.83.0-2.1ubuntu3.2 [237 kB]
Get:121 http://us-central1.gce.archive.ubuntu.com/ubuntu noble-updates/universe amd64 libboost-context1.83-dev amd64 1.83.0-2.1ubuntu3.2 [232 kB]
Get:122 http://us-central1.gce.archive.ubuntu.com/ubuntu noble/universe amd64 libboost-context-dev amd64 1.83.0.1ubuntu2 [4276 B]
Get:123 http://us-central1.gce.archive.ubuntu.com/ubuntu noble-updates/universe amd64 libboost-coroutine1.83.0 amd64 1.83.0-2.1ubuntu3.2 [234 kB]
Get:124 http://us-central1.gce.archive.ubuntu.com/ubuntu noble-updates/universe amd64 libboost-coroutine1.83-dev amd64 1.83.0-2.1ubuntu3.2 [237 kB]
Get:125 http://us-central1.gce.archive.ubuntu.com/ubuntu noble/universe amd64 libboost-coroutine-dev amd64 1.83.0.1ubuntu2 [4344 B]
Get:126 http://us-central1.gce.archive.ubuntu.com/ubuntu noble/universe amd64 libboost-date-time-dev amd64 1.83.0.1ubuntu2 [4058 B]
Get:127 http://us-central1.gce.archive.ubuntu.com/ubuntu noble-updates/universe amd64 libboost-exception1.83-dev amd64 1.83.0-2.1ubuntu3.2 [229 kB]
Get:128 http://us-central1.gce.archive.ubuntu.com/ubuntu noble/universe amd64 libboost-exception-dev amd64 1.83.0.1ubuntu2 [4058 B]
Get:129 http://us-central1.gce.archive.ubuntu.com/ubuntu noble-updates/main amd64 libboost-filesystem1.83.0 amd64 1.83.0-2.1ubuntu3.2 [284 kB]
Get:130 http://us-central1.gce.archive.ubuntu.com/ubuntu noble-updates/universe amd64 libboost-filesystem1.83-dev amd64 1.83.0-2.1ubuntu3.2 [301 kB]
Get:131 http://us-central1.gce.archive.ubuntu.com/ubuntu noble-updates/universe amd64 libboost-fiber1.83.0 amd64 1.83.0-2.1ubuntu3.2 [255 kB]
Get:132 http://us-central1.gce.archive.ubuntu.com/ubuntu noble-updates/universe amd64 libboost-fiber1.83-dev amd64 1.83.0-2.1ubuntu3.2 [268 kB]
Get:133 http://us-central1.gce.archive.ubuntu.com/ubuntu noble/universe amd64 libboost-fiber-dev amd64 1.83.0.1ubuntu2 [4486 B]
Get:134 http://us-central1.gce.archive.ubuntu.com/ubuntu noble/universe amd64 libboost-filesystem-dev amd64 1.83.0.1ubuntu2 [4096 B]
Get:135 http://us-central1.gce.archive.ubuntu.com/ubuntu noble-updates/universe amd64 libboost-graph1.83.0 amd64 1.83.0-2.1ubuntu3.2 [361 kB]
Get:136 http://us-central1.gce.archive.ubuntu.com/ubuntu noble-updates/main amd64 libboost-regex1.83.0 amd64 1.83.0-2.1ubuntu3.2 [340 kB]
Get:137 http://us-central1.gce.archive.ubuntu.com/ubuntu noble-updates/main amd64 libicu-dev amd64 74.2-1ubuntu3.1 [11.9 MB]
Get:138 http://us-central1.gce.archive.ubuntu.com/ubuntu noble-updates/main amd64 libboost-regex1.83-dev amd64 1.83.0-2.1ubuntu3.2 [355 kB]
Get:139 http://us-central1.gce.archive.ubuntu.com/ubuntu noble-updates/universe amd64 libboost-test1.83.0 amd64 1.83.0-2.1ubuntu3.2 [454 kB]
Get:140 http://us-central1.gce.archive.ubuntu.com/ubuntu noble-updates/universe amd64 libboost-test1.83-dev amd64 1.83.0-2.1ubuntu3.2 [566 kB]
Get:141 http://us-central1.gce.archive.ubuntu.com/ubuntu noble-updates/universe amd64 libboost-graph1.83-dev amd64 1.83.0-2.1ubuntu3.2 [399 kB]
Get:142 http://us-central1.gce.archive.ubuntu.com/ubuntu noble/universe amd64 libboost-graph-dev amd64 1.83.0.1ubuntu2 [4160 B]
Get:143 http://us-central1.gce.archive.ubuntu.com/ubuntu noble/main amd64 libevent-pthreads-2.1-7t64 amd64 2.1.12-stable-9ubuntu2 [7982 B]
Get:144 http://us-central1.gce.archive.ubuntu.com/ubuntu noble/universe amd64 libpsm-infinipath1 amd64 3.3+20.604758e7-6.3build1 [178 kB]
Get:145 http://us-central1.gce.archive.ubuntu.com/ubuntu noble/universe amd64 libpsm2-2 amd64 11.2.185-2build1 [194 kB]
Get:146 http://us-central1.gce.archive.ubuntu.com/ubuntu noble-updates/main amd64 librdmacm1t64 amd64 50.0-2ubuntu0.2 [70.7 kB]
Get:147 http://us-central1.gce.archive.ubuntu.com/ubuntu noble/universe amd64 libfabric1 amd64 1.17.0-3build2 [657 kB]
Get:148 http://us-central1.gce.archive.ubuntu.com/ubuntu noble/universe amd64 libhwloc15 amd64 2.10.0-1build1 [172 kB]
Get:149 http://us-central1.gce.archive.ubuntu.com/ubuntu noble-updates/universe amd64 libmunge2 amd64 0.5.15-4ubuntu0.1 [14.8 kB]
Get:150 http://us-central1.gce.archive.ubuntu.com/ubuntu noble-updates/main amd64 libxnvctrl0 amd64 510.47.03-0ubuntu4.24.04.1 [12.7 kB]
Get:151 http://us-central1.gce.archive.ubuntu.com/ubuntu noble/universe amd64 libhwloc-plugins amd64 2.10.0-1build1 [15.7 kB]
Get:152 http://us-central1.gce.archive.ubuntu.com/ubuntu noble/universe amd64 libpmix2t64 amd64 5.0.1-4.1build1 [697 kB]
Get:153 http://us-central1.gce.archive.ubuntu.com/ubuntu noble/universe amd64 libucx0 amd64 1.16.0+ds-5ubuntu1 [1140 kB]
Get:154 http://us-central1.gce.archive.ubuntu.com/ubuntu noble/universe amd64 libopenmpi3t64 amd64 4.1.6-7ubuntu2 [2563 kB]
Get:155 http://us-central1.gce.archive.ubuntu.com/ubuntu noble-updates/universe amd64 libboost-mpi1.83.0 amd64 1.83.0-2.1ubuntu3.2 [271 kB]
Get:156 http://us-central1.gce.archive.ubuntu.com/ubuntu noble-updates/universe amd64 libboost-graph-parallel1.83.0 amd64 1.83.0-2.1ubuntu3.2 [278 kB]
Get:157 http://us-central1.gce.archive.ubuntu.com/ubuntu noble-updates/universe amd64 libboost-graph-parallel1.83-dev amd64 1.83.0-2.1ubuntu3.2 [288 kB]
Get:158 http://us-central1.gce.archive.ubuntu.com/ubuntu noble/universe amd64 libboost-graph-parallel-dev amd64 1.83.0.1ubuntu2 [4192 B]
Get:159 http://us-central1.gce.archive.ubuntu.com/ubuntu noble-updates/main amd64 libboost-iostreams1.83.0 amd64 1.83.0-2.1ubuntu3.2 [260 kB]
Get:160 http://us-central1.gce.archive.ubuntu.com/ubuntu noble-updates/universe amd64 libboost-iostreams1.83-dev amd64 1.83.0-2.1ubuntu3.2 [264 kB]
Get:161 http://us-central1.gce.archive.ubuntu.com/ubuntu noble/universe amd64 libboost-iostreams-dev amd64 1.83.0.1ubuntu2 [4046 B]
Get:162 http://us-central1.gce.archive.ubuntu.com/ubuntu noble-updates/universe amd64 libboost-json1.83.0 amd64 1.83.0-2.1ubuntu3.2 [365 kB]
Get:163 http://us-central1.gce.archive.ubuntu.com/ubuntu noble-updates/universe amd64 libboost-json1.83-dev amd64 1.83.0-2.1ubuntu3.2 [380 kB]
Get:164 http://us-central1.gce.archive.ubuntu.com/ubuntu noble/universe amd64 libboost-json-dev amd64 1.83.0.1ubuntu2 [4172 B]
Get:165 http://us-central1.gce.archive.ubuntu.com/ubuntu noble-updates/main amd64 libboost-locale1.83.0 amd64 1.83.0-2.1ubuntu3.2 [413 kB]
Get:166 http://us-central1.gce.archive.ubuntu.com/ubuntu noble-updates/universe amd64 libboost-locale1.83-dev amd64 1.83.0-2.1ubuntu3.2 [582 kB]
Get:167 http://us-central1.gce.archive.ubuntu.com/ubuntu noble/universe amd64 libboost-locale-dev amd64 1.83.0.1ubuntu2 [4378 B]
Get:168 http://us-central1.gce.archive.ubuntu.com/ubuntu noble-updates/universe amd64 libboost-log1.83.0 amd64 1.83.0-2.1ubuntu3.2 [679 kB]
Get:169 http://us-central1.gce.archive.ubuntu.com/ubuntu noble-updates/universe amd64 libboost-log1.83-dev amd64 1.83.0-2.1ubuntu3.2 [937 kB]
Get:170 http://us-central1.gce.archive.ubuntu.com/ubuntu noble/universe amd64 libboost-log-dev amd64 1.83.0.1ubuntu2 [4260 B]
Get:171 http://us-central1.gce.archive.ubuntu.com/ubuntu noble-updates/universe amd64 libboost-math1.83.0 amd64 1.83.0-2.1ubuntu3.2 [440 kB]
Get:172 http://us-central1.gce.archive.ubuntu.com/ubuntu noble-updates/universe amd64 libboost-math1.83-dev amd64 1.83.0-2.1ubuntu3.2 [586 kB]
Get:173 http://us-central1.gce.archive.ubuntu.com/ubuntu noble/universe amd64 libboost-math-dev amd64 1.83.0.1ubuntu2 [4264 B]
Get:174 http://us-central1.gce.archive.ubuntu.com/ubuntu noble/universe amd64 openmpi-common all 4.1.6-7ubuntu2 [170 kB]
Get:175 http://us-central1.gce.archive.ubuntu.com/ubuntu noble-updates/main amd64 libnl-3-dev amd64 3.7.0-0.3build1.1 [99.5 kB]
Get:176 http://us-central1.gce.archive.ubuntu.com/ubuntu noble-updates/main amd64 libnl-route-3-dev amd64 3.7.0-0.3build1.1 [216 kB]
Get:177 http://us-central1.gce.archive.ubuntu.com/ubuntu noble-updates/main amd64 libibverbs-dev amd64 50.0-2ubuntu0.2 [686 kB]
Get:178 http://us-central1.gce.archive.ubuntu.com/ubuntu noble-updates/main amd64 libnuma-dev amd64 2.0.18-1ubuntu0.24.04.1 [37.0 kB]
Get:179 http://us-central1.gce.archive.ubuntu.com/ubuntu noble/universe amd64 libhwloc-dev amd64 2.10.0-1build1 [268 kB]
Get:180 http://us-central1.gce.archive.ubuntu.com/ubuntu noble/main amd64 libevent-extra-2.1-7t64 amd64 2.1.12-stable-9ubuntu2 [64.2 kB]
Get:181 http://us-central1.gce.archive.ubuntu.com/ubuntu noble/main amd64 libevent-openssl-2.1-7t64 amd64 2.1.12-stable-9ubuntu2 [15.7 kB]
Get:182 http://us-central1.gce.archive.ubuntu.com/ubuntu noble/main amd64 libevent-dev amd64 2.1.12-stable-9ubuntu2 [274 kB]
Get:183 http://us-central1.gce.archive.ubuntu.com/ubuntu noble/universe amd64 libpmix-dev amd64 5.0.1-4.1build1 [4018 kB]
Get:184 http://us-central1.gce.archive.ubuntu.com/ubuntu noble/main amd64 libjs-jquery all 3.6.1+dfsg+~3.5.14-1 [328 kB]
Get:185 http://us-central1.gce.archive.ubuntu.com/ubuntu noble/universe amd64 libjs-jquery-ui all 1.13.2+dfsg-1 [252 kB]
Get:186 http://us-central1.gce.archive.ubuntu.com/ubuntu noble/universe amd64 openmpi-bin amd64 4.1.6-7ubuntu2 [114 kB]
Get:187 http://us-central1.gce.archive.ubuntu.com/ubuntu noble/universe amd64 libopenmpi-dev amd64 4.1.6-7ubuntu2 [864 kB]
Get:188 http://us-central1.gce.archive.ubuntu.com/ubuntu noble/universe amd64 mpi-default-dev amd64 1.15build1 [3154 B]
Get:189 http://us-central1.gce.archive.ubuntu.com/ubuntu noble-updates/universe amd64 libboost-mpi1.83-dev amd64 1.83.0-2.1ubuntu3.2 [296 kB]
Get:190 http://us-central1.gce.archive.ubuntu.com/ubuntu noble/universe amd64 libboost-mpi-dev amd64 1.83.0.1ubuntu2 [4144 B]
Get:191 http://us-central1.gce.archive.ubuntu.com/ubuntu noble-updates/main amd64 libboost-python1.83.0 amd64 1.83.0-2.1ubuntu3.2 [312 kB]
Get:192 http://us-central1.gce.archive.ubuntu.com/ubuntu noble/universe amd64 mpi-default-bin amd64 1.15build1 [2376 B]
Get:193 http://us-central1.gce.archive.ubuntu.com/ubuntu noble-updates/universe amd64 libboost-mpi-python1.83.0 amd64 1.83.0-2.1ubuntu3.2 [362 kB]
Get:194 http://us-central1.gce.archive.ubuntu.com/ubuntu noble-updates/universe amd64 libboost-mpi-python1.83-dev amd64 1.83.0-2.1ubuntu3.2 [237 kB]
Get:195 http://us-central1.gce.archive.ubuntu.com/ubuntu noble/universe amd64 libboost-mpi-python-dev amd64 1.83.0.1ubuntu2 [4196 B]
Get:196 http://us-central1.gce.archive.ubuntu.com/ubuntu noble-updates/universe amd64 libboost-numpy1.83.0 amd64 1.83.0-2.1ubuntu3.2 [242 kB]
Get:197 http://us-central1.gce.archive.ubuntu.com/ubuntu noble-updates/universe amd64 libboost-numpy1.83-dev amd64 1.83.0-2.1ubuntu3.2 [247 kB]
Get:198 http://us-central1.gce.archive.ubuntu.com/ubuntu noble/universe amd64 libboost-numpy-dev amd64 1.83.0.1ubuntu2 [4100 B]
Get:199 http://us-central1.gce.archive.ubuntu.com/ubuntu noble-updates/main amd64 libboost-program-options1.83.0 amd64 1.83.0-2.1ubuntu3.2 [321 kB]
Get:200 http://us-central1.gce.archive.ubuntu.com/ubuntu noble-updates/main amd64 libboost-program-options1.83-dev amd64 1.83.0-2.1ubuntu3.2 [388 kB]
Get:201 http://us-central1.gce.archive.ubuntu.com/ubuntu noble/main amd64 libboost-program-options-dev amd64 1.83.0.1ubuntu2 [4086 B]
Get:202 http://us-central1.gce.archive.ubuntu.com/ubuntu noble-updates/main amd64 libpython3.12-dev amd64 3.12.3-1ubuntu0.15 [5683 kB]
Get:203 http://us-central1.gce.archive.ubuntu.com/ubuntu noble-updates/main amd64 libpython3-dev amd64 3.12.3-0ubuntu2.1 [10.3 kB]
Get:204 http://us-central1.gce.archive.ubuntu.com/ubuntu noble-updates/main amd64 python3.12-dev amd64 3.12.3-1ubuntu0.15 [498 kB]
Get:205 http://us-central1.gce.archive.ubuntu.com/ubuntu noble/main amd64 libjs-underscore all 1.13.4~dfsg+~1.11.4-3 [118 kB]
Get:206 http://us-central1.gce.archive.ubuntu.com/ubuntu noble/main amd64 libjs-sphinxdoc all 7.2.6-6 [149 kB]
Get:207 http://us-central1.gce.archive.ubuntu.com/ubuntu noble-updates/main amd64 python3-dev amd64 3.12.3-0ubuntu2.1 [26.7 kB]
Get:208 http://us-central1.gce.archive.ubuntu.com/ubuntu noble-updates/universe amd64 libboost-python1.83-dev amd64 1.83.0-2.1ubuntu3.2 [337 kB]
Get:209 http://us-central1.gce.archive.ubuntu.com/ubuntu noble/universe amd64 libboost-python-dev amd64 1.83.0.1ubuntu2 [4344 B]
Get:210 http://us-central1.gce.archive.ubuntu.com/ubuntu noble-updates/universe amd64 libboost-random1.83.0 amd64 1.83.0-2.1ubuntu3.2 [242 kB]
Get:211 http://us-central1.gce.archive.ubuntu.com/ubuntu noble-updates/universe amd64 libboost-random1.83-dev amd64 1.83.0-2.1ubuntu3.2 [241 kB]
Get:212 http://us-central1.gce.archive.ubuntu.com/ubuntu noble/universe amd64 libboost-random-dev amd64 1.83.0.1ubuntu2 [4062 B]
Get:213 http://us-central1.gce.archive.ubuntu.com/ubuntu noble/main amd64 libboost-regex-dev amd64 1.83.0.1ubuntu2 [4324 B]
Get:214 http://us-central1.gce.archive.ubuntu.com/ubuntu noble/universe amd64 libboost-serialization-dev amd64 1.83.0.1ubuntu2 [4280 B]
Get:215 http://us-central1.gce.archive.ubuntu.com/ubuntu noble-updates/universe amd64 libboost-stacktrace1.83.0 amd64 1.83.0-2.1ubuntu3.2 [290 kB]
Get:216 http://us-central1.gce.archive.ubuntu.com/ubuntu noble-updates/universe amd64 libboost-stacktrace1.83-dev amd64 1.83.0-2.1ubuntu3.2 [247 kB]
Get:217 http://us-central1.gce.archive.ubuntu.com/ubuntu noble/universe amd64 libboost-stacktrace-dev amd64 1.83.0.1ubuntu2 [4068 B]
Get:218 http://us-central1.gce.archive.ubuntu.com/ubuntu noble/universe amd64 libboost-system-dev amd64 1.83.0.1ubuntu2 [4206 B]
Get:219 http://us-central1.gce.archive.ubuntu.com/ubuntu noble/universe amd64 libboost-test-dev amd64 1.83.0.1ubuntu2 [4090 B]
Get:220 http://us-central1.gce.archive.ubuntu.com/ubuntu noble/main amd64 libboost-thread-dev amd64 1.83.0.1ubuntu2 [4088 B]
Get:221 http://us-central1.gce.archive.ubuntu.com/ubuntu noble-updates/universe amd64 libboost-timer1.83.0 amd64 1.83.0-2.1ubuntu3.2 [241 kB]
Get:222 http://us-central1.gce.archive.ubuntu.com/ubuntu noble-updates/universe amd64 libboost-timer1.83-dev amd64 1.83.0-2.1ubuntu3.2 [237 kB]
Get:223 http://us-central1.gce.archive.ubuntu.com/ubuntu noble/universe amd64 libboost-timer-dev amd64 1.83.0.1ubuntu2 [4190 B]
Get:224 http://us-central1.gce.archive.ubuntu.com/ubuntu noble-updates/universe amd64 libboost-type-erasure1.83.0 amd64 1.83.0-2.1ubuntu3.2 [246 kB]
Get:225 http://us-central1.gce.archive.ubuntu.com/ubuntu noble-updates/universe amd64 libboost-type-erasure1.83-dev amd64 1.83.0-2.1ubuntu3.2 [250 kB]
Get:226 http://us-central1.gce.archive.ubuntu.com/ubuntu noble/universe amd64 libboost-type-erasure-dev amd64 1.83.0.1ubuntu2 [4162 B]
Get:227 http://us-central1.gce.archive.ubuntu.com/ubuntu noble-updates/main amd64 libboost-url1.83.0 amd64 1.83.0-2.1ubuntu3.2 [343 kB]
Get:228 http://us-central1.gce.archive.ubuntu.com/ubuntu noble-updates/universe amd64 libboost-url1.83-dev amd64 1.83.0-2.1ubuntu3.2 [444 kB]
Get:229 http://us-central1.gce.archive.ubuntu.com/ubuntu noble/universe amd64 libboost-url-dev amd64 1.83.0.1ubuntu2 [4192 B]
Get:230 http://us-central1.gce.archive.ubuntu.com/ubuntu noble-updates/universe amd64 libboost-wave1.83.0 amd64 1.83.0-2.1ubuntu3.2 [454 kB]
Get:231 http://us-central1.gce.archive.ubuntu.com/ubuntu noble-updates/universe amd64 libboost-wave1.83-dev amd64 1.83.0-2.1ubuntu3.2 [499 kB]
Get:232 http://us-central1.gce.archive.ubuntu.com/ubuntu noble/universe amd64 libboost-wave-dev amd64 1.83.0.1ubuntu2 [4096 B]
Get:233 http://us-central1.gce.archive.ubuntu.com/ubuntu noble-updates/universe amd64 libboost-nowide1.83.0 amd64 1.83.0-2.1ubuntu3.2 [240 kB]
Get:234 http://us-central1.gce.archive.ubuntu.com/ubuntu noble-updates/universe amd64 libboost-nowide1.83-dev amd64 1.83.0-2.1ubuntu3.2 [236 kB]
Get:235 http://us-central1.gce.archive.ubuntu.com/ubuntu noble/universe amd64 libboost-nowide-dev amd64 1.83.0.1ubuntu2 [4136 B]
Get:236 http://us-central1.gce.archive.ubuntu.com/ubuntu noble/universe amd64 libboost-all-dev amd64 1.83.0.1ubuntu2 [2286 B]
Get:237 http://us-central1.gce.archive.ubuntu.com/ubuntu noble/universe amd64 libcaf-openmpi-3t64 amd64 2.10.2+ds-2.1build2 [39.1 kB]
Get:238 http://us-central1.gce.archive.ubuntu.com/ubuntu noble/main amd64 libpixman-1-dev amd64 0.42.2-1build1 [296 kB]
Get:239 http://us-central1.gce.archive.ubuntu.com/ubuntu noble/main amd64 libice-dev amd64 2:1.0.10-1build3 [51.0 kB]
Get:240 http://us-central1.gce.archive.ubuntu.com/ubuntu noble/main amd64 libsm-dev amd64 2:1.2.3-1build3 [17.8 kB]
Get:241 http://us-central1.gce.archive.ubuntu.com/ubuntu noble/main amd64 libxcb-render0-dev amd64 1.15-1ubuntu2 [19.6 kB]
Get:242 http://us-central1.gce.archive.ubuntu.com/ubuntu noble/main amd64 libxcb-shm0-dev amd64 1.15-1ubuntu2 [8246 B]
Get:243 http://us-central1.gce.archive.ubuntu.com/ubuntu noble/main amd64 libcairo2-dev amd64 1.18.0-3build1 [41.1 kB]
Get:244 http://us-central1.gce.archive.ubuntu.com/ubuntu noble/universe amd64 libcoarrays-dev amd64 2.10.2+ds-2.1build2 [37.5 kB]
Get:245 http://us-central1.gce.archive.ubuntu.com/ubuntu noble/universe amd64 libcoarrays-openmpi-dev amd64 2.10.2+ds-2.1build2 [372 kB]
Get:246 http://us-central1.gce.archive.ubuntu.com/ubuntu noble/main amd64 libdatrie-dev amd64 0.2.13-3build1 [19.4 kB]
Get:247 http://us-central1.gce.archive.ubuntu.com/ubuntu noble/main amd64 libdbi1t64 amd64 0.9.0-6.1build1 [25.7 kB]
Get:248 http://us-central1.gce.archive.ubuntu.com/ubuntu noble/main amd64 libdbd-sqlite3 amd64 0.9.0-12 [178 kB]
Get:249 http://us-central1.gce.archive.ubuntu.com/ubuntu noble/main amd64 libdbi-dev amd64 0.9.0-6.1build1 [32.7 kB]
Get:250 http://us-central1.gce.archive.ubuntu.com/ubuntu noble-updates/main amd64 libdeflate-dev amd64 1.19-1build1.1 [50.9 kB]
Get:251 http://us-central1.gce.archive.ubuntu.com/ubuntu noble/main amd64 libglx-dev amd64 1.7.0-1build1 [14.2 kB]
Get:252 http://us-central1.gce.archive.ubuntu.com/ubuntu noble/main amd64 libgl-dev amd64 1.7.0-1build1 [102 kB]
Get:253 http://us-central1.gce.archive.ubuntu.com/ubuntu noble/main amd64 libegl-dev amd64 1.7.0-1build1 [18.2 kB]
Get:254 http://us-central1.gce.archive.ubuntu.com/ubuntu noble/main amd64 libglvnd-core-dev amd64 1.7.0-1build1 [13.6 kB]
Get:255 http://us-central1.gce.archive.ubuntu.com/ubuntu noble/main amd64 libgles1 amd64 1.7.0-1build1 [11.6 kB]
Get:256 http://us-central1.gce.archive.ubuntu.com/ubuntu noble/main amd64 libgles-dev amd64 1.7.0-1build1 [50.5 kB]
Get:257 http://us-central1.gce.archive.ubuntu.com/ubuntu noble/main amd64 libopengl-dev amd64 1.7.0-1build1 [3454 B]
Get:258 http://us-central1.gce.archive.ubuntu.com/ubuntu noble/main amd64 libglvnd-dev amd64 1.7.0-1build1 [3198 B]
Get:259 http://us-central1.gce.archive.ubuntu.com/ubuntu noble-updates/main amd64 libegl1-mesa-dev amd64 25.2.8-0ubuntu0.24.04.2 [26.7 kB]
Get:260 http://us-central1.gce.archive.ubuntu.com/ubuntu noble/main amd64 libepoxy-dev amd64 1.5.10-1build1 [132 kB]
Get:261 http://us-central1.gce.archive.ubuntu.com/ubuntu noble/main amd64 libfribidi-dev amd64 1.0.13-3build1 [64.8 kB]
Get:262 http://us-central1.gce.archive.ubuntu.com/ubuntu noble-updates/main amd64 libgpg-error-dev amd64 1.47-3build2.1 [128 kB]
Get:263 http://us-central1.gce.archive.ubuntu.com/ubuntu noble-updates/main amd64 libgcrypt20-dev amd64 1.10.3-2ubuntu0.1 [593 kB]
Get:264 http://us-central1.gce.archive.ubuntu.com/ubuntu noble-updates/main amd64 libgdk-pixbuf2.0-bin amd64 2.42.10+dfsg-3ubuntu3.3 [13.9 kB]
Get:265 http://us-central1.gce.archive.ubuntu.com/ubuntu noble/main amd64 libjpeg-turbo8-dev amd64 2.1.5-2ubuntu2 [295 kB]
Get:266 http://us-central1.gce.archive.ubuntu.com/ubuntu noble/main amd64 libjpeg8-dev amd64 8c-2ubuntu11 [1484 B]
Get:267 http://us-central1.gce.archive.ubuntu.com/ubuntu noble/main amd64 libjpeg-dev amd64 8c-2ubuntu11 [1482 B]
Get:268 http://us-central1.gce.archive.ubuntu.com/ubuntu noble/main amd64 libjbig-dev amd64 2.1-6.1ubuntu2 [27.9 kB]
Get:269 http://us-central1.gce.archive.ubuntu.com/ubuntu noble-updates/main amd64 libzstd-dev amd64 1.5.5+dfsg2-2build1.1 [364 kB]
Get:270 http://us-central1.gce.archive.ubuntu.com/ubuntu noble/main amd64 libwebpdecoder3 amd64 1.3.2-0.4build3 [114 kB]
Get:271 http://us-central1.gce.archive.ubuntu.com/ubuntu noble/main amd64 libsharpyuv-dev amd64 1.3.2-0.4build3 [16.0 kB]
Get:272 http://us-central1.gce.archive.ubuntu.com/ubuntu noble/main amd64 libwebp-dev amd64 1.3.2-0.4build3 [367 kB]
Get:273 http://us-central1.gce.archive.ubuntu.com/ubuntu noble-updates/main amd64 libtiffxx6 amd64 4.5.1+git230720-4ubuntu2.5 [5642 B]
Get:274 http://us-central1.gce.archive.ubuntu.com/ubuntu noble/main amd64 liblerc-dev amd64 4.0.0+ds-4ubuntu2 [182 kB]
Get:275 http://us-central1.gce.archive.ubuntu.com/ubuntu noble-updates/main amd64 libtiff-dev amd64 4.5.1+git230720-4ubuntu2.5 [338 kB]
Get:276 http://us-central1.gce.archive.ubuntu.com/ubuntu noble-updates/main amd64 libgdk-pixbuf-2.0-dev amd64 2.42.10+dfsg-3ubuntu3.3 [47.9 kB]
Get:277 http://us-central1.gce.archive.ubuntu.com/ubuntu noble/universe amd64 libgtest-dev amd64 1.14.0-1 [268 kB]
Get:278 http://us-central1.gce.archive.ubuntu.com/ubuntu noble/universe amd64 libgmock-dev amd64 1.14.0-1 [135 kB]
Get:279 http://us-central1.gce.archive.ubuntu.com/ubuntu noble-updates/main amd64 libgraphite2-3 amd64 1.3.14-2ubuntu0.24.04.1 [73.4 kB]
Get:280 http://us-central1.gce.archive.ubuntu.com/ubuntu noble-updates/main amd64 libgraphite2-dev amd64 1.3.14-2ubuntu0.24.04.1 [14.7 kB]
Get:281 http://us-central1.gce.archive.ubuntu.com/ubuntu noble/main amd64 libharfbuzz-subset0 amd64 8.3.0-2build2 [448 kB]
Get:282 http://us-central1.gce.archive.ubuntu.com/ubuntu noble/main amd64 libharfbuzz-cairo0 amd64 8.3.0-2build2 [26.2 kB]
Get:283 http://us-central1.gce.archive.ubuntu.com/ubuntu noble/main amd64 libharfbuzz-dev amd64 8.3.0-2build2 [142 kB]
Get:284 http://us-central1.gce.archive.ubuntu.com/ubuntu noble/main amd64 libthai-dev amd64 0.1.29-2build1 [26.6 kB]
Get:285 http://us-central1.gce.archive.ubuntu.com/ubuntu noble/main amd64 pango1.0-tools amd64 1.52.1+ds-1build1 [36.7 kB]
Get:286 http://us-central1.gce.archive.ubuntu.com/ubuntu noble/main amd64 libpango1.0-dev amd64 1.52.1+ds-1build1 [147 kB]
Get:287 http://us-central1.gce.archive.ubuntu.com/ubuntu noble/main amd64 libwayland-bin amd64 1.22.0-2.1build1 [20.6 kB]
Get:288 http://us-central1.gce.archive.ubuntu.com/ubuntu noble/main amd64 libwayland-dev amd64 1.22.0-2.1build1 [71.3 kB]
Get:289 http://us-central1.gce.archive.ubuntu.com/ubuntu noble/main amd64 libxcomposite-dev amd64 1:0.4.5-1build3 [9374 B]
Get:290 http://us-central1.gce.archive.ubuntu.com/ubuntu noble/main amd64 libxcursor-dev amd64 1:1.2.1-1build1 [31.8 kB]
Get:291 http://us-central1.gce.archive.ubuntu.com/ubuntu noble/main amd64 libxdamage-dev amd64 1:1.1.6-1build1 [5270 B]
Get:292 http://us-central1.gce.archive.ubuntu.com/ubuntu noble/main amd64 libxinerama-dev amd64 2:1.1.4-3build1 [7988 B]
Get:293 http://us-central1.gce.archive.ubuntu.com/ubuntu noble/main amd64 libxkbcommon-dev amd64 1.6.0-1build1 [56.3 kB]
Get:294 http://us-central1.gce.archive.ubuntu.com/ubuntu noble/main amd64 libxrandr-dev amd64 2:1.5.2-2build1 [26.4 kB]
Get:295 http://us-central1.gce.archive.ubuntu.com/ubuntu noble-updates/main amd64 wayland-protocols all 1.45-1~ubuntu0.24.04.2 [114 kB]
Get:296 http://us-central1.gce.archive.ubuntu.com/ubuntu noble-updates/main amd64 libgtk-3-dev amd64 3.24.41-4ubuntu1.3 [1096 kB]
Get:297 http://us-central1.gce.archive.ubuntu.com/ubuntu noble/universe amd64 libgwengui-gtk3-79t64 amd64 5.10.2-2.1build4 [26.2 kB]
Get:298 http://us-central1.gce.archive.ubuntu.com/ubuntu noble/universe amd64 libgwengui-gtk3-dev amd64 5.10.2-2.1build4 [2372 B]
Get:299 http://us-central1.gce.archive.ubuntu.com/ubuntu noble-updates/universe amd64 libjavascriptcoregtk-4.1-dev amd64 2.52.3-0ubuntu0.24.04.1 [69.8 kB]
Get:300 http://us-central1.gce.archive.ubuntu.com/ubuntu noble-updates/main amd64 libnghttp2-dev amd64 1.59.0-1ubuntu0.4 [117 kB]
Get:301 http://us-central1.gce.archive.ubuntu.com/ubuntu noble/universe amd64 libosp5 amd64 1.5.2-15ubuntu2 [683 kB]
Get:302 http://us-central1.gce.archive.ubuntu.com/ubuntu noble/universe amd64 libofx7t64 amd64 1:0.10.9-1.1build2 [134 kB]
Get:303 http://us-central1.gce.archive.ubuntu.com/ubuntu noble/universe amd64 opensp amd64 1.5.2-15ubuntu2 [147 kB]
Get:304 http://us-central1.gce.archive.ubuntu.com/ubuntu noble/universe amd64 libosp-dev amd64 1.5.2-15ubuntu2 [848 kB]
Get:305 http://us-central1.gce.archive.ubuntu.com/ubuntu noble/universe amd64 libofx-dev amd64 1:0.10.9-1.1build2 [124 kB]
Get:306 http://us-central1.gce.archive.ubuntu.com/ubuntu noble/main amd64 libpsl-dev amd64 0.21.2-1.1build1 [76.4 kB]
Get:307 http://us-central1.gce.archive.ubuntu.com/ubuntu noble/universe amd64 libsecret-1-dev amd64 0.21.4-1build3 [129 kB]
Get:308 http://us-central1.gce.archive.ubuntu.com/ubuntu noble/universe amd64 libsysprof-capture-4-dev amd64 46.0-1build1 [51.0 kB]
Get:309 http://us-central1.gce.archive.ubuntu.com/ubuntu noble-updates/universe amd64 libsoup-3.0-dev amd64 3.4.4-5ubuntu0.7 [105 kB]
Get:310 http://us-central1.gce.archive.ubuntu.com/ubuntu noble-updates/universe amd64 libwebkit2gtk-4.1-dev amd64 2.52.3-0ubuntu0.24.04.1 [290 kB]
Get:311 http://us-central1.gce.archive.ubuntu.com/ubuntu noble-updates/main amd64 libxml2-dev amd64 2.9.14+dfsg-1.3ubuntu3.8 [782 kB]
Get:312 http://us-central1.gce.archive.ubuntu.com/ubuntu noble-updates/main amd64 libxslt1-dev amd64 1.1.39-0exp1ubuntu0.24.04.3 [91.9 kB]
Get:313 http://us-central1.gce.archive.ubuntu.com/ubuntu noble/universe amd64 swig amd64 4.2.0-2ubuntu1 [1187 kB]
Get:314 http://us-central1.gce.archive.ubuntu.com/ubuntu noble-updates/main amd64 xdg-desktop-portal amd64 1.18.4-1ubuntu2.24.04.2 [307 kB]
Get:315 http://us-central1.gce.archive.ubuntu.com/ubuntu noble/main amd64 xdg-desktop-portal-gtk amd64 1.15.1-1build2 [80.3 kB]
Get:316 http://us-central1.gce.archive.ubuntu.com/ubuntu noble-updates/main amd64 xsltproc amd64 1.1.39-0exp1ubuntu0.24.04.3 [15.0 kB]
debconf: unable to initialize frontend: Dialog
debconf: (No usable dialog-like program is installed, so the dialog based frontend cannot be used. at /usr/share/perl5/Debconf/FrontEnd/Dialog.pm line 79, <STDIN> line 316.)
debconf: falling back to frontend: Readline
Fetched 217 MB in 11s (19.2 MB/s)
(Reading database ... (Reading database ... 5%(Reading database ... 10%(Reading database ... 15%(Reading database ... 20%(Reading database ... 25%(Reading database ... 30%(Reading database ... 35%(Reading database ... 40%(Reading database ... 45%(Reading database ... 50%(Reading database ... 55%(Reading database ... 60%(Reading database ... 65%(Reading database ... 70%(Reading database ... 75%(Reading database ... 80%(Reading database ... 85%(Reading database ... 90%(Reading database ... 95%(Reading database ... 100%(Reading database ... 105347 files and directories currently installed.)
Preparing to unpack .../bsdutils_1%3a2.39.3-9ubuntu6.5_amd64.deb ...
Unpacking bsdutils (1:2.39.3-9ubuntu6.5) over (1:2.39.3-9ubuntu6.4) ...
Setting up bsdutils (1:2.39.3-9ubuntu6.5) ...
(Reading database ... (Reading database ... 5%(Reading database ... 10%(Reading database ... 15%(Reading database ... 20%(Reading database ... 25%(Reading database ... 30%(Reading database ... 35%(Reading database ... 40%(Reading database ... 45%(Reading database ... 50%(Reading database ... 55%(Reading database ... 60%(Reading database ... 65%(Reading database ... 70%(Reading database ... 75%(Reading database ... 80%(Reading database ... 85%(Reading database ... 90%(Reading database ... 95%(Reading database ... 100%(Reading database ... 105347 files and directories currently installed.)
Preparing to unpack .../util-linux_2.39.3-9ubuntu6.5_amd64.deb ...
Unpacking util-linux (2.39.3-9ubuntu6.5) over (2.39.3-9ubuntu6.4) ...
Setting up util-linux (2.39.3-9ubuntu6.5) ...
/usr/sbin/policy-rc.d returned 101, not running 'restart fstrim.timer'
/usr/sbin/policy-rc.d returned 101, not running 'restart fstrim.service'
(Reading database ... (Reading database ... 5%(Reading database ... 10%(Reading database ... 15%(Reading database ... 20%(Reading database ... 25%(Reading database ... 30%(Reading database ... 35%(Reading database ... 40%(Reading database ... 45%(Reading database ... 50%(Reading database ... 55%(Reading database ... 60%(Reading database ... 65%(Reading database ... 70%(Reading database ... 75%(Reading database ... 80%(Reading database ... 85%(Reading database ... 90%(Reading database ... 95%(Reading database ... 100%(Reading database ... 105347 files and directories currently installed.)
Preparing to unpack .../0-mount_2.39.3-9ubuntu6.5_amd64.deb ...
Unpacking mount (2.39.3-9ubuntu6.5) over (2.39.3-9ubuntu6.4) ...
Preparing to unpack .../1-python3.12-venv_3.12.3-1ubuntu0.15_amd64.deb ...
Unpacking python3.12-venv (3.12.3-1ubuntu0.15) over (3.12.3-1ubuntu0.11) ...
Preparing to unpack .../2-libpython3.12t64_3.12.3-1ubuntu0.15_amd64.deb ...
Unpacking libpython3.12t64:amd64 (3.12.3-1ubuntu0.15) over (3.12.3-1ubuntu0.11) ...
Preparing to unpack .../3-python3.12_3.12.3-1ubuntu0.15_amd64.deb ...
Unpacking python3.12 (3.12.3-1ubuntu0.15) over (3.12.3-1ubuntu0.11) ...
Preparing to unpack .../4-libpython3.12-stdlib_3.12.3-1ubuntu0.15_amd64.deb ...
Unpacking libpython3.12-stdlib:amd64 (3.12.3-1ubuntu0.15) over (3.12.3-1ubuntu0.11) ...
Preparing to unpack .../5-python3.12-minimal_3.12.3-1ubuntu0.15_amd64.deb ...
Unpacking python3.12-minimal (3.12.3-1ubuntu0.15) over (3.12.3-1ubuntu0.11) ...
Preparing to unpack .../6-libpython3.12-minimal_3.12.3-1ubuntu0.15_amd64.deb ...
Unpacking libpython3.12-minimal:amd64 (3.12.3-1ubuntu0.15) over (3.12.3-1ubuntu0.11) ...
Preparing to unpack .../7-libblkid1_2.39.3-9ubuntu6.5_amd64.deb ...
Unpacking libblkid1:amd64 (2.39.3-9ubuntu6.5) over (2.39.3-9ubuntu6.4) ...
Setting up libblkid1:amd64 (2.39.3-9ubuntu6.5) ...
(Reading database ... (Reading database ... 5%(Reading database ... 10%(Reading database ... 15%(Reading database ... 20%(Reading database ... 25%(Reading database ... 30%(Reading database ... 35%(Reading database ... 40%(Reading database ... 45%(Reading database ... 50%(Reading database ... 55%(Reading database ... 60%(Reading database ... 65%(Reading database ... 70%(Reading database ... 75%(Reading database ... 80%(Reading database ... 85%(Reading database ... 90%(Reading database ... 95%(Reading database ... 100%(Reading database ... 105347 files and directories currently installed.)
Preparing to unpack .../libgcrypt20_1.10.3-2ubuntu0.1_amd64.deb ...
Unpacking libgcrypt20:amd64 (1.10.3-2ubuntu0.1) over (1.10.3-2build1) ...
Setting up libgcrypt20:amd64 (1.10.3-2ubuntu0.1) ...
(Reading database ... (Reading database ... 5%(Reading database ... 10%(Reading database ... 15%(Reading database ... 20%(Reading database ... 25%(Reading database ... 30%(Reading database ... 35%(Reading database ... 40%(Reading database ... 45%(Reading database ... 50%(Reading database ... 55%(Reading database ... 60%(Reading database ... 65%(Reading database ... 70%(Reading database ... 75%(Reading database ... 80%(Reading database ... 85%(Reading database ... 90%(Reading database ... 95%(Reading database ... 100%(Reading database ... 105347 files and directories currently installed.)
Preparing to unpack .../libmount1_2.39.3-9ubuntu6.5_amd64.deb ...
Unpacking libmount1:amd64 (2.39.3-9ubuntu6.5) over (2.39.3-9ubuntu6.4) ...
Setting up libmount1:amd64 (2.39.3-9ubuntu6.5) ...
(Reading database ... (Reading database ... 5%(Reading database ... 10%(Reading database ... 15%(Reading database ... 20%(Reading database ... 25%(Reading database ... 30%(Reading database ... 35%(Reading database ... 40%(Reading database ... 45%(Reading database ... 50%(Reading database ... 55%(Reading database ... 60%(Reading database ... 65%(Reading database ... 70%(Reading database ... 75%(Reading database ... 80%(Reading database ... 85%(Reading database ... 90%(Reading database ... 95%(Reading database ... 100%(Reading database ... 105347 files and directories currently installed.)
Preparing to unpack .../libsmartcols1_2.39.3-9ubuntu6.5_amd64.deb ...
Unpacking libsmartcols1:amd64 (2.39.3-9ubuntu6.5) over (2.39.3-9ubuntu6.4) ...
Setting up libsmartcols1:amd64 (2.39.3-9ubuntu6.5) ...
(Reading database ... (Reading database ... 5%(Reading database ... 10%(Reading database ... 15%(Reading database ... 20%(Reading database ... 25%(Reading database ... 30%(Reading database ... 35%(Reading database ... 40%(Reading database ... 45%(Reading database ... 50%(Reading database ... 55%(Reading database ... 60%(Reading database ... 65%(Reading database ... 70%(Reading database ... 75%(Reading database ... 80%(Reading database ... 85%(Reading database ... 90%(Reading database ... 95%(Reading database ... 100%(Reading database ... 105347 files and directories currently installed.)
Preparing to unpack .../uuid-dev_2.39.3-9ubuntu6.5_amd64.deb ...
Unpacking uuid-dev:amd64 (2.39.3-9ubuntu6.5) over (2.39.3-9ubuntu6.4) ...
Preparing to unpack .../libuuid1_2.39.3-9ubuntu6.5_amd64.deb ...
Unpacking libuuid1:amd64 (2.39.3-9ubuntu6.5) over (2.39.3-9ubuntu6.4) ...
Setting up libuuid1:amd64 (2.39.3-9ubuntu6.5) ...
(Reading database ... (Reading database ... 5%(Reading database ... 10%(Reading database ... 15%(Reading database ... 20%(Reading database ... 25%(Reading database ... 30%(Reading database ... 35%(Reading database ... 40%(Reading database ... 45%(Reading database ... 50%(Reading database ... 55%(Reading database ... 60%(Reading database ... 65%(Reading database ... 70%(Reading database ... 75%(Reading database ... 80%(Reading database ... 85%(Reading database ... 90%(Reading database ... 95%(Reading database ... 100%(Reading database ... 105347 files and directories currently installed.)
Preparing to unpack .../000-libfdisk1_2.39.3-9ubuntu6.5_amd64.deb ...
Unpacking libfdisk1:amd64 (2.39.3-9ubuntu6.5) over (2.39.3-9ubuntu6.4) ...
Preparing to unpack .../001-libxml2_2.9.14+dfsg-1.3ubuntu3.8_amd64.deb ...
Unpacking libxml2:amd64 (2.9.14+dfsg-1.3ubuntu3.8) over (2.9.14+dfsg-1.3ubuntu3.7) ...
Selecting previously unselected package libfuse3-3:amd64.
Preparing to unpack .../002-libfuse3-3_3.14.0-5build1_amd64.deb ...
Unpacking libfuse3-3:amd64 (3.14.0-5build1) ...
Selecting previously unselected package fuse3.
Preparing to unpack .../003-fuse3_3.14.0-5build1_amd64.deb ...
Unpacking fuse3 (3.14.0-5build1) ...
Selecting previously unselected package gettext-base.
Preparing to unpack .../004-gettext-base_0.21-14ubuntu2_amd64.deb ...
Unpacking gettext-base (0.21-14ubuntu2) ...
Selecting previously unselected package ibverbs-providers:amd64.
Preparing to unpack .../005-ibverbs-providers_50.0-2ubuntu0.2_amd64.deb ...
Unpacking ibverbs-providers:amd64 (50.0-2ubuntu0.2) ...
Preparing to unpack .../006-libnghttp2-14_1.59.0-1ubuntu0.4_amd64.deb ...
Unpacking libnghttp2-14:amd64 (1.59.0-1ubuntu0.4) over (1.59.0-1ubuntu0.2) ...
Selecting previously unselected package bubblewrap.
Preparing to unpack .../007-bubblewrap_0.9.0-1ubuntu0.1_amd64.deb ...
Unpacking bubblewrap (0.9.0-1ubuntu0.1) ...
Selecting previously unselected package gettext.
Preparing to unpack .../008-gettext_0.21-14ubuntu2_amd64.deb ...
Unpacking gettext (0.21-14ubuntu2) ...
Selecting previously unselected package libgfortran-13-dev:amd64.
Preparing to unpack .../009-libgfortran-13-dev_13.3.0-6ubuntu2~24.04.1_amd64.deb ...
Unpacking libgfortran-13-dev:amd64 (13.3.0-6ubuntu2~24.04.1) ...
Selecting previously unselected package gfortran-13-x86-64-linux-gnu.
Preparing to unpack .../010-gfortran-13-x86-64-linux-gnu_13.3.0-6ubuntu2~24.04.1_amd64.deb ...
Unpacking gfortran-13-x86-64-linux-gnu (13.3.0-6ubuntu2~24.04.1) ...
Selecting previously unselected package gfortran-13.
Preparing to unpack .../011-gfortran-13_13.3.0-6ubuntu2~24.04.1_amd64.deb ...
Unpacking gfortran-13 (13.3.0-6ubuntu2~24.04.1) ...
Selecting previously unselected package gfortran-x86-64-linux-gnu.
Preparing to unpack .../012-gfortran-x86-64-linux-gnu_4%3a13.2.0-7ubuntu1_amd64.deb ...
Unpacking gfortran-x86-64-linux-gnu (4:13.2.0-7ubuntu1) ...
Selecting previously unselected package gfortran.
Preparing to unpack .../013-gfortran_4%3a13.2.0-7ubuntu1_amd64.deb ...
Unpacking gfortran (4:13.2.0-7ubuntu1) ...
Selecting previously unselected package gir1.2-atk-1.0:amd64.
Preparing to unpack .../014-gir1.2-atk-1.0_2.52.0-1build1_amd64.deb ...
Unpacking gir1.2-atk-1.0:amd64 (2.52.0-1build1) ...
Selecting previously unselected package gir1.2-freedesktop:amd64.
Preparing to unpack .../015-gir1.2-freedesktop_1.80.1-1_amd64.deb ...
Unpacking gir1.2-freedesktop:amd64 (1.80.1-1) ...
Selecting previously unselected package gir1.2-atspi-2.0:amd64.
Preparing to unpack .../016-gir1.2-atspi-2.0_2.52.0-1build1_amd64.deb ...
Unpacking gir1.2-atspi-2.0:amd64 (2.52.0-1build1) ...
Selecting previously unselected package gir1.2-glib-2.0-dev:amd64.
Preparing to unpack .../017-gir1.2-glib-2.0-dev_2.80.0-6ubuntu3.8_amd64.deb ...
Unpacking gir1.2-glib-2.0-dev:amd64 (2.80.0-6ubuntu3.8) ...
Selecting previously unselected package gir1.2-freedesktop-dev:amd64.
Preparing to unpack .../018-gir1.2-freedesktop-dev_1.80.1-1_amd64.deb ...
Unpacking gir1.2-freedesktop-dev:amd64 (1.80.1-1) ...
Preparing to unpack .../019-libgdk-pixbuf2.0-common_2.42.10+dfsg-3ubuntu3.3_all.deb ...
Unpacking libgdk-pixbuf2.0-common (2.42.10+dfsg-3ubuntu3.3) over (2.42.10+dfsg-3ubuntu3.2) ...
Preparing to unpack .../020-libtiff6_4.5.1+git230720-4ubuntu2.5_amd64.deb ...
Unpacking libtiff6:amd64 (4.5.1+git230720-4ubuntu2.5) over (4.5.1+git230720-4ubuntu2.4) ...
Preparing to unpack .../021-libgdk-pixbuf-2.0-0_2.42.10+dfsg-3ubuntu3.3_amd64.deb ...
Unpacking libgdk-pixbuf-2.0-0:amd64 (2.42.10+dfsg-3ubuntu3.3) over (2.42.10+dfsg-3ubuntu3.2) ...
Selecting previously unselected package gir1.2-gdkpixbuf-2.0:amd64.
Preparing to unpack .../022-gir1.2-gdkpixbuf-2.0_2.42.10+dfsg-3ubuntu3.3_amd64.deb ...
Unpacking gir1.2-gdkpixbuf-2.0:amd64 (2.42.10+dfsg-3ubuntu3.3) ...
Selecting previously unselected package libharfbuzz-gobject0:amd64.
Preparing to unpack .../023-libharfbuzz-gobject0_8.3.0-2build2_amd64.deb ...
Unpacking libharfbuzz-gobject0:amd64 (8.3.0-2build2) ...
Selecting previously unselected package gir1.2-harfbuzz-0.0:amd64.
Preparing to unpack .../024-gir1.2-harfbuzz-0.0_8.3.0-2build2_amd64.deb ...
Unpacking gir1.2-harfbuzz-0.0:amd64 (8.3.0-2build2) ...
Selecting previously unselected package libpangoxft-1.0-0:amd64.
Preparing to unpack .../025-libpangoxft-1.0-0_1.52.1+ds-1build1_amd64.deb ...
Unpacking libpangoxft-1.0-0:amd64 (1.52.1+ds-1build1) ...
Selecting previously unselected package gir1.2-pango-1.0:amd64.
Preparing to unpack .../026-gir1.2-pango-1.0_1.52.1+ds-1build1_amd64.deb ...
Unpacking gir1.2-pango-1.0:amd64 (1.52.1+ds-1build1) ...
Selecting previously unselected package gir1.2-gtk-3.0:amd64.
Preparing to unpack .../027-gir1.2-gtk-3.0_3.24.41-4ubuntu1.3_amd64.deb ...
Unpacking gir1.2-gtk-3.0:amd64 (3.24.41-4ubuntu1.3) ...
Selecting previously unselected package libjavascriptcoregtk-4.1-0:amd64.
Preparing to unpack .../028-libjavascriptcoregtk-4.1-0_2.52.3-0ubuntu0.24.04.1_amd64.deb ...
Unpacking libjavascriptcoregtk-4.1-0:amd64 (2.52.3-0ubuntu0.24.04.1) ...
Selecting previously unselected package gir1.2-javascriptcoregtk-4.1:amd64.
Preparing to unpack .../029-gir1.2-javascriptcoregtk-4.1_2.52.3-0ubuntu0.24.04.1_amd64.deb ...
Unpacking gir1.2-javascriptcoregtk-4.1:amd64 (2.52.3-0ubuntu0.24.04.1) ...
Selecting previously unselected package gir1.2-secret-1:amd64.
Preparing to unpack .../030-gir1.2-secret-1_0.21.4-1build3_amd64.deb ...
Unpacking gir1.2-secret-1:amd64 (0.21.4-1build3) ...
Selecting previously unselected package gir1.2-soup-3.0:amd64.
Preparing to unpack .../031-gir1.2-soup-3.0_3.4.4-5ubuntu0.7_amd64.deb ...
Unpacking gir1.2-soup-3.0:amd64 (3.4.4-5ubuntu0.7) ...
Preparing to unpack .../032-libgstreamer-plugins-base1.0-0_1.24.2-1ubuntu0.4_amd64.deb ...
Unpacking libgstreamer-plugins-base1.0-0:amd64 (1.24.2-1ubuntu0.4) over (1.24.2-1ubuntu0.3) ...
Preparing to unpack .../033-gstreamer1.0-plugins-base_1.24.2-1ubuntu0.4_amd64.deb ...
Unpacking gstreamer1.0-plugins-base:amd64 (1.24.2-1ubuntu0.4) over (1.24.2-1ubuntu0.3) ...
Selecting previously unselected package xdg-dbus-proxy.
Preparing to unpack .../034-xdg-dbus-proxy_0.1.5-1ubuntu0.2_amd64.deb ...
Unpacking xdg-dbus-proxy (0.1.5-1ubuntu0.2) ...
Preparing to unpack .../035-libgl1-mesa-dri_25.2.8-0ubuntu0.24.04.2_amd64.deb ...
Unpacking libgl1-mesa-dri:amd64 (25.2.8-0ubuntu0.24.04.2) over (25.2.8-0ubuntu0.24.04.1) ...
Preparing to unpack .../036-libglx-mesa0_25.2.8-0ubuntu0.24.04.2_amd64.deb ...
Unpacking libglx-mesa0:amd64 (25.2.8-0ubuntu0.24.04.2) over (25.2.8-0ubuntu0.24.04.1) ...
Preparing to unpack .../037-libegl-mesa0_25.2.8-0ubuntu0.24.04.2_amd64.deb ...
Unpacking libegl-mesa0:amd64 (25.2.8-0ubuntu0.24.04.2) over (25.2.8-0ubuntu0.24.04.1) ...
Preparing to unpack .../038-libgbm1_25.2.8-0ubuntu0.24.04.2_amd64.deb ...
Unpacking libgbm1:amd64 (25.2.8-0ubuntu0.24.04.2) over (25.2.8-0ubuntu0.24.04.1) ...
Preparing to unpack .../039-mesa-libgallium_25.2.8-0ubuntu0.24.04.2_amd64.deb ...
Unpacking mesa-libgallium:amd64 (25.2.8-0ubuntu0.24.04.2) over (25.2.8-0ubuntu0.24.04.1) ...
Preparing to unpack .../040-libgstreamer-gl1.0-0_1.24.2-1ubuntu0.4_amd64.deb ...
Unpacking libgstreamer-gl1.0-0:amd64 (1.24.2-1ubuntu0.4) over (1.24.2-1ubuntu0.3) ...
Selecting previously unselected package libwebkit2gtk-4.1-0:amd64.
Preparing to unpack .../041-libwebkit2gtk-4.1-0_2.52.3-0ubuntu0.24.04.1_amd64.deb ...
Unpacking libwebkit2gtk-4.1-0:amd64 (2.52.3-0ubuntu0.24.04.1) ...
Selecting previously unselected package gir1.2-webkit2-4.1:amd64.
Preparing to unpack .../042-gir1.2-webkit2-4.1_2.52.3-0ubuntu0.24.04.1_amd64.deb ...
Unpacking gir1.2-webkit2-4.1:amd64 (2.52.3-0ubuntu0.24.04.1) ...
Selecting previously unselected package googletest.
Preparing to unpack .../043-googletest_1.14.0-1_all.deb ...
Unpacking googletest (1.14.0-1) ...
Selecting previously unselected package gstreamer1.0-gl:amd64.
Preparing to unpack .../044-gstreamer1.0-gl_1.24.2-1ubuntu0.4_amd64.deb ...
Unpacking gstreamer1.0-gl:amd64 (1.24.2-1ubuntu0.4) ...
Selecting previously unselected package guile-3.0-libs:amd64.
Preparing to unpack .../045-guile-3.0-libs_3.0.9-1build2_amd64.deb ...
Unpacking guile-3.0-libs:amd64 (3.0.9-1build2) ...
Selecting previously unselected package guile-3.0.
Preparing to unpack .../046-guile-3.0_3.0.9-1build2_amd64.deb ...
Unpacking guile-3.0 (3.0.9-1build2) ...
Selecting previously unselected package libltdl7:amd64.
Preparing to unpack .../047-libltdl7_2.4.7-7build1_amd64.deb ...
Unpacking libltdl7:amd64 (2.4.7-7build1) ...
Selecting previously unselected package libltdl-dev:amd64.
Preparing to unpack .../048-libltdl-dev_2.4.7-7build1_amd64.deb ...
Unpacking libltdl-dev:amd64 (2.4.7-7build1) ...
Selecting previously unselected package libgc-dev:amd64.
Preparing to unpack .../049-libgc-dev_1%3a8.2.6-1build1_amd64.deb ...
Unpacking libgc-dev:amd64 (1:8.2.6-1build1) ...
Selecting previously unselected package guile-3.0-dev.
Preparing to unpack .../050-guile-3.0-dev_3.0.9-1build2_amd64.deb ...
Unpacking guile-3.0-dev (3.0.9-1build2) ...
Selecting previously unselected package icu-devtools.
Preparing to unpack .../051-icu-devtools_74.2-1ubuntu3.1_amd64.deb ...
Unpacking icu-devtools (74.2-1ubuntu3.1) ...
Selecting previously unselected package javascript-common.
Preparing to unpack .../052-javascript-common_11+nmu1_all.deb ...
Unpacking javascript-common (11+nmu1) ...
Selecting previously unselected package libllvm17t64:amd64.
Preparing to unpack .../053-libllvm17t64_1%3a17.0.6-9ubuntu1_amd64.deb ...
Unpacking libllvm17t64:amd64 (1:17.0.6-9ubuntu1) ...
Selecting previously unselected package libamd-comgr2:amd64.
Preparing to unpack .../054-libamd-comgr2_6.0+git20231212.4510c28+dfsg-3build2_amd64.deb ...
Unpacking libamd-comgr2:amd64 (6.0+git20231212.4510c28+dfsg-3build2) ...
Selecting previously unselected package libhsakmt1:amd64.
Preparing to unpack .../055-libhsakmt1_5.7.0-1build1_amd64.deb ...
Unpacking libhsakmt1:amd64 (5.7.0-1build1) ...
Selecting previously unselected package libhsa-runtime64-1.
Preparing to unpack .../056-libhsa-runtime64-1_5.7.1-2build1_amd64.deb ...
Unpacking libhsa-runtime64-1 (5.7.1-2build1) ...
Selecting previously unselected package libamdhip64-5.
Preparing to unpack .../057-libamdhip64-5_5.7.1-3_amd64.deb ...
Unpacking libamdhip64-5 (5.7.1-3) ...
Selecting previously unselected package libaqbanking-data.
Preparing to unpack .../058-libaqbanking-data_6.5.4-2build3_all.deb ...
Unpacking libaqbanking-data (6.5.4-2build3) ...
Selecting previously unselected package libgwenhywfar-data.
Preparing to unpack .../059-libgwenhywfar-data_5.10.2-2.1build4_all.deb ...
Unpacking libgwenhywfar-data (5.10.2-2.1build4) ...
Selecting previously unselected package libgwenhywfar79t64:amd64.
Preparing to unpack .../060-libgwenhywfar79t64_5.10.2-2.1build4_amd64.deb ...
Unpacking libgwenhywfar79t64:amd64 (5.10.2-2.1build4) ...
Selecting previously unselected package libxmlsec1t64:amd64.
Preparing to unpack .../061-libxmlsec1t64_1.2.39-5build2_amd64.deb ...
Unpacking libxmlsec1t64:amd64 (1.2.39-5build2) ...
Selecting previously unselected package libaqbanking44:amd64.
Preparing to unpack .../062-libaqbanking44_6.5.4-2build3_amd64.deb ...
Unpacking libaqbanking44:amd64 (6.5.4-2build3) ...
Selecting previously unselected package libgwenhywfar-core-dev:amd64.
Preparing to unpack .../063-libgwenhywfar-core-dev_5.10.2-2.1build4_amd64.deb ...
Unpacking libgwenhywfar-core-dev:amd64 (5.10.2-2.1build4) ...
Selecting previously unselected package libaqbanking-dev:amd64.
Preparing to unpack .../064-libaqbanking-dev_6.5.4-2build3_amd64.deb ...
Unpacking libaqbanking-dev:amd64 (6.5.4-2build3) ...
Selecting previously unselected package libglib2.0-dev-bin.
Preparing to unpack .../065-libglib2.0-dev-bin_2.80.0-6ubuntu3.8_amd64.deb ...
Unpacking libglib2.0-dev-bin (2.80.0-6ubuntu3.8) ...
Selecting previously unselected package libblkid-dev:amd64.
Preparing to unpack .../066-libblkid-dev_2.39.3-9ubuntu6.5_amd64.deb ...
Unpacking libblkid-dev:amd64 (2.39.3-9ubuntu6.5) ...
Selecting previously unselected package libsepol-dev:amd64.
Preparing to unpack .../067-libsepol-dev_3.5-2build1_amd64.deb ...
Unpacking libsepol-dev:amd64 (3.5-2build1) ...
Selecting previously unselected package libpcre2-16-0:amd64.
Preparing to unpack .../068-libpcre2-16-0_10.42-4ubuntu2.1_amd64.deb ...
Unpacking libpcre2-16-0:amd64 (10.42-4ubuntu2.1) ...
Selecting previously unselected package libpcre2-32-0:amd64.
Preparing to unpack .../069-libpcre2-32-0_10.42-4ubuntu2.1_amd64.deb ...
Unpacking libpcre2-32-0:amd64 (10.42-4ubuntu2.1) ...
Selecting previously unselected package libpcre2-posix3:amd64.
Preparing to unpack .../070-libpcre2-posix3_10.42-4ubuntu2.1_amd64.deb ...
Unpacking libpcre2-posix3:amd64 (10.42-4ubuntu2.1) ...
Selecting previously unselected package libpcre2-dev:amd64.
Preparing to unpack .../071-libpcre2-dev_10.42-4ubuntu2.1_amd64.deb ...
Unpacking libpcre2-dev:amd64 (10.42-4ubuntu2.1) ...
Selecting previously unselected package libselinux1-dev:amd64.
Preparing to unpack .../072-libselinux1-dev_3.5-2ubuntu2.1_amd64.deb ...
Unpacking libselinux1-dev:amd64 (3.5-2ubuntu2.1) ...
Selecting previously unselected package libmount-dev:amd64.
Preparing to unpack .../073-libmount-dev_2.39.3-9ubuntu6.5_amd64.deb ...
Unpacking libmount-dev:amd64 (2.39.3-9ubuntu6.5) ...
Selecting previously unselected package libgirepository-2.0-0:amd64.
Preparing to unpack .../074-libgirepository-2.0-0_2.80.0-6ubuntu3.8_amd64.deb ...
Unpacking libgirepository-2.0-0:amd64 (2.80.0-6ubuntu3.8) ...
Selecting previously unselected package libglib2.0-dev:amd64.
Preparing to unpack .../075-libglib2.0-dev_2.80.0-6ubuntu3.8_amd64.deb ...
Unpacking libglib2.0-dev:amd64 (2.80.0-6ubuntu3.8) ...
Selecting previously unselected package libatk1.0-dev:amd64.
Preparing to unpack .../076-libatk1.0-dev_2.52.0-1build1_amd64.deb ...
Unpacking libatk1.0-dev:amd64 (2.52.0-1build1) ...
Selecting previously unselected package libdbus-1-dev:amd64.
Preparing to unpack .../077-libdbus-1-dev_1.14.10-4ubuntu4.1_amd64.deb ...
Unpacking libdbus-1-dev:amd64 (1.14.10-4ubuntu4.1) ...
Selecting previously unselected package libxfixes-dev:amd64.
Preparing to unpack .../078-libxfixes-dev_1%3a6.0.0-2build1_amd64.deb ...
Unpacking libxfixes-dev:amd64 (1:6.0.0-2build1) ...
Selecting previously unselected package libxi-dev:amd64.
Preparing to unpack .../079-libxi-dev_2%3a1.8.1-1build1_amd64.deb ...
Unpacking libxi-dev:amd64 (2:1.8.1-1build1) ...
Selecting previously unselected package libxtst-dev:amd64.
Preparing to unpack .../080-libxtst-dev_2%3a1.2.3-1.1build1_amd64.deb ...
Unpacking libxtst-dev:amd64 (2:1.2.3-1.1build1) ...
Selecting previously unselected package libatspi2.0-dev:amd64.
Preparing to unpack .../081-libatspi2.0-dev_2.52.0-1build1_amd64.deb ...
Unpacking libatspi2.0-dev:amd64 (2.52.0-1build1) ...
Selecting previously unselected package libatk-bridge2.0-dev:amd64.
Preparing to unpack .../082-libatk-bridge2.0-dev_2.52.0-1build1_amd64.deb ...
Unpacking libatk-bridge2.0-dev:amd64 (2.52.0-1build1) ...
Selecting previously unselected package libboost1.83-dev:amd64.
Preparing to unpack .../083-libboost1.83-dev_1.83.0-2.1ubuntu3.2_amd64.deb ...
Unpacking libboost1.83-dev:amd64 (1.83.0-2.1ubuntu3.2) ...
Selecting previously unselected package libboost-dev:amd64.
Preparing to unpack .../084-libboost-dev_1.83.0.1ubuntu2_amd64.deb ...
Unpacking libboost-dev:amd64 (1.83.0.1ubuntu2) ...
Selecting previously unselected package libboost1.83-tools-dev.
Preparing to unpack .../085-libboost1.83-tools-dev_1.83.0-2.1ubuntu3.2_amd64.deb ...
Unpacking libboost1.83-tools-dev (1.83.0-2.1ubuntu3.2) ...
Selecting previously unselected package libboost-tools-dev.
Preparing to unpack .../086-libboost-tools-dev_1.83.0.1ubuntu2_amd64.deb ...
Unpacking libboost-tools-dev (1.83.0.1ubuntu2) ...
Selecting previously unselected package libboost-atomic1.83.0:amd64.
Preparing to unpack .../087-libboost-atomic1.83.0_1.83.0-2.1ubuntu3.2_amd64.deb ...
Unpacking libboost-atomic1.83.0:amd64 (1.83.0-2.1ubuntu3.2) ...
Selecting previously unselected package libboost-atomic1.83-dev:amd64.
Preparing to unpack .../088-libboost-atomic1.83-dev_1.83.0-2.1ubuntu3.2_amd64.deb ...
Unpacking libboost-atomic1.83-dev:amd64 (1.83.0-2.1ubuntu3.2) ...
Selecting previously unselected package libboost-atomic-dev:amd64.
Preparing to unpack .../089-libboost-atomic-dev_1.83.0.1ubuntu2_amd64.deb ...
Unpacking libboost-atomic-dev:amd64 (1.83.0.1ubuntu2) ...
Selecting previously unselected package libboost-chrono1.83.0t64:amd64.
Preparing to unpack .../090-libboost-chrono1.83.0t64_1.83.0-2.1ubuntu3.2_amd64.deb ...
Unpacking libboost-chrono1.83.0t64:amd64 (1.83.0-2.1ubuntu3.2) ...
Selecting previously unselected package libboost-chrono1.83-dev:amd64.
Preparing to unpack .../091-libboost-chrono1.83-dev_1.83.0-2.1ubuntu3.2_amd64.deb ...
Unpacking libboost-chrono1.83-dev:amd64 (1.83.0-2.1ubuntu3.2) ...
Selecting previously unselected package libboost-chrono-dev:amd64.
Preparing to unpack .../092-libboost-chrono-dev_1.83.0.1ubuntu2_amd64.deb ...
Unpacking libboost-chrono-dev:amd64 (1.83.0.1ubuntu2) ...
Selecting previously unselected package libboost-container1.83.0:amd64.
Preparing to unpack .../093-libboost-container1.83.0_1.83.0-2.1ubuntu3.2_amd64.deb ...
Unpacking libboost-container1.83.0:amd64 (1.83.0-2.1ubuntu3.2) ...
Selecting previously unselected package libboost-container1.83-dev:amd64.
Preparing to unpack .../094-libboost-container1.83-dev_1.83.0-2.1ubuntu3.2_amd64.deb ...
Unpacking libboost-container1.83-dev:amd64 (1.83.0-2.1ubuntu3.2) ...
Selecting previously unselected package libboost-container-dev:amd64.
Preparing to unpack .../095-libboost-container-dev_1.83.0.1ubuntu2_amd64.deb ...
Unpacking libboost-container-dev:amd64 (1.83.0.1ubuntu2) ...
Selecting previously unselected package libboost-date-time1.83.0:amd64.
Preparing to unpack .../096-libboost-date-time1.83.0_1.83.0-2.1ubuntu3.2_amd64.deb ...
Unpacking libboost-date-time1.83.0:amd64 (1.83.0-2.1ubuntu3.2) ...
Selecting previously unselected package libboost-serialization1.83.0:amd64.
Preparing to unpack .../097-libboost-serialization1.83.0_1.83.0-2.1ubuntu3.2_amd64.deb ...
Unpacking libboost-serialization1.83.0:amd64 (1.83.0-2.1ubuntu3.2) ...
Selecting previously unselected package libboost-serialization1.83-dev:amd64.
Preparing to unpack .../098-libboost-serialization1.83-dev_1.83.0-2.1ubuntu3.2_amd64.deb ...
Unpacking libboost-serialization1.83-dev:amd64 (1.83.0-2.1ubuntu3.2) ...
Selecting previously unselected package libboost-date-time1.83-dev:amd64.
Preparing to unpack .../099-libboost-date-time1.83-dev_1.83.0-2.1ubuntu3.2_amd64.deb ...
Unpacking libboost-date-time1.83-dev:amd64 (1.83.0-2.1ubuntu3.2) ...
Selecting previously unselected package libboost-system1.83.0:amd64.
Preparing to unpack .../100-libboost-system1.83.0_1.83.0-2.1ubuntu3.2_amd64.deb ...
Unpacking libboost-system1.83.0:amd64 (1.83.0-2.1ubuntu3.2) ...
Selecting previously unselected package libboost-system1.83-dev:amd64.
Preparing to unpack .../101-libboost-system1.83-dev_1.83.0-2.1ubuntu3.2_amd64.deb ...
Unpacking libboost-system1.83-dev:amd64 (1.83.0-2.1ubuntu3.2) ...
Selecting previously unselected package libboost-thread1.83.0:amd64.
Preparing to unpack .../102-libboost-thread1.83.0_1.83.0-2.1ubuntu3.2_amd64.deb ...
Unpacking libboost-thread1.83.0:amd64 (1.83.0-2.1ubuntu3.2) ...
Selecting previously unselected package libboost-thread1.83-dev:amd64.
Preparing to unpack .../103-libboost-thread1.83-dev_1.83.0-2.1ubuntu3.2_amd64.deb ...
Unpacking libboost-thread1.83-dev:amd64 (1.83.0-2.1ubuntu3.2) ...
Selecting previously unselected package libboost-context1.83.0:amd64.
Preparing to unpack .../104-libboost-context1.83.0_1.83.0-2.1ubuntu3.2_amd64.deb ...
Unpacking libboost-context1.83.0:amd64 (1.83.0-2.1ubuntu3.2) ...
Selecting previously unselected package libboost-context1.83-dev:amd64.
Preparing to unpack .../105-libboost-context1.83-dev_1.83.0-2.1ubuntu3.2_amd64.deb ...
Unpacking libboost-context1.83-dev:amd64 (1.83.0-2.1ubuntu3.2) ...
Selecting previously unselected package libboost-context-dev:amd64.
Preparing to unpack .../106-libboost-context-dev_1.83.0.1ubuntu2_amd64.deb ...
Unpacking libboost-context-dev:amd64 (1.83.0.1ubuntu2) ...
Selecting previously unselected package libboost-coroutine1.83.0:amd64.
Preparing to unpack .../107-libboost-coroutine1.83.0_1.83.0-2.1ubuntu3.2_amd64.deb ...
Unpacking libboost-coroutine1.83.0:amd64 (1.83.0-2.1ubuntu3.2) ...
Selecting previously unselected package libboost-coroutine1.83-dev:amd64.
Preparing to unpack .../108-libboost-coroutine1.83-dev_1.83.0-2.1ubuntu3.2_amd64.deb ...
Unpacking libboost-coroutine1.83-dev:amd64 (1.83.0-2.1ubuntu3.2) ...
Selecting previously unselected package libboost-coroutine-dev:amd64.
Preparing to unpack .../109-libboost-coroutine-dev_1.83.0.1ubuntu2_amd64.deb ...
Unpacking libboost-coroutine-dev:amd64 (1.83.0.1ubuntu2) ...
Selecting previously unselected package libboost-date-time-dev:amd64.
Preparing to unpack .../110-libboost-date-time-dev_1.83.0.1ubuntu2_amd64.deb ...
Unpacking libboost-date-time-dev:amd64 (1.83.0.1ubuntu2) ...
Selecting previously unselected package libboost-exception1.83-dev:amd64.
Preparing to unpack .../111-libboost-exception1.83-dev_1.83.0-2.1ubuntu3.2_amd64.deb ...
Unpacking libboost-exception1.83-dev:amd64 (1.83.0-2.1ubuntu3.2) ...
Selecting previously unselected package libboost-exception-dev:amd64.
Preparing to unpack .../112-libboost-exception-dev_1.83.0.1ubuntu2_amd64.deb ...
Unpacking libboost-exception-dev:amd64 (1.83.0.1ubuntu2) ...
Selecting previously unselected package libboost-filesystem1.83.0:amd64.
Preparing to unpack .../113-libboost-filesystem1.83.0_1.83.0-2.1ubuntu3.2_amd64.deb ...
Unpacking libboost-filesystem1.83.0:amd64 (1.83.0-2.1ubuntu3.2) ...
Selecting previously unselected package libboost-filesystem1.83-dev:amd64.
Preparing to unpack .../114-libboost-filesystem1.83-dev_1.83.0-2.1ubuntu3.2_amd64.deb ...
Unpacking libboost-filesystem1.83-dev:amd64 (1.83.0-2.1ubuntu3.2) ...
Selecting previously unselected package libboost-fiber1.83.0:amd64.
Preparing to unpack .../115-libboost-fiber1.83.0_1.83.0-2.1ubuntu3.2_amd64.deb ...
Unpacking libboost-fiber1.83.0:amd64 (1.83.0-2.1ubuntu3.2) ...
Selecting previously unselected package libboost-fiber1.83-dev:amd64.
Preparing to unpack .../116-libboost-fiber1.83-dev_1.83.0-2.1ubuntu3.2_amd64.deb ...
Unpacking libboost-fiber1.83-dev:amd64 (1.83.0-2.1ubuntu3.2) ...
Selecting previously unselected package libboost-fiber-dev:amd64.
Preparing to unpack .../117-libboost-fiber-dev_1.83.0.1ubuntu2_amd64.deb ...
Unpacking libboost-fiber-dev:amd64 (1.83.0.1ubuntu2) ...
Selecting previously unselected package libboost-filesystem-dev:amd64.
Preparing to unpack .../118-libboost-filesystem-dev_1.83.0.1ubuntu2_amd64.deb ...
Unpacking libboost-filesystem-dev:amd64 (1.83.0.1ubuntu2) ...
Selecting previously unselected package libboost-graph1.83.0:amd64.
Preparing to unpack .../119-libboost-graph1.83.0_1.83.0-2.1ubuntu3.2_amd64.deb ...
Unpacking libboost-graph1.83.0:amd64 (1.83.0-2.1ubuntu3.2) ...
Selecting previously unselected package libboost-regex1.83.0:amd64.
Preparing to unpack .../120-libboost-regex1.83.0_1.83.0-2.1ubuntu3.2_amd64.deb ...
Unpacking libboost-regex1.83.0:amd64 (1.83.0-2.1ubuntu3.2) ...
Selecting previously unselected package libicu-dev:amd64.
Preparing to unpack .../121-libicu-dev_74.2-1ubuntu3.1_amd64.deb ...
Unpacking libicu-dev:amd64 (74.2-1ubuntu3.1) ...
Selecting previously unselected package libboost-regex1.83-dev:amd64.
Preparing to unpack .../122-libboost-regex1.83-dev_1.83.0-2.1ubuntu3.2_amd64.deb ...
Unpacking libboost-regex1.83-dev:amd64 (1.83.0-2.1ubuntu3.2) ...
Selecting previously unselected package libboost-test1.83.0:amd64.
Preparing to unpack .../123-libboost-test1.83.0_1.83.0-2.1ubuntu3.2_amd64.deb ...
Unpacking libboost-test1.83.0:amd64 (1.83.0-2.1ubuntu3.2) ...
Selecting previously unselected package libboost-test1.83-dev:amd64.
Preparing to unpack .../124-libboost-test1.83-dev_1.83.0-2.1ubuntu3.2_amd64.deb ...
Unpacking libboost-test1.83-dev:amd64 (1.83.0-2.1ubuntu3.2) ...
Selecting previously unselected package libboost-graph1.83-dev:amd64.
Preparing to unpack .../125-libboost-graph1.83-dev_1.83.0-2.1ubuntu3.2_amd64.deb ...
Unpacking libboost-graph1.83-dev:amd64 (1.83.0-2.1ubuntu3.2) ...
Selecting previously unselected package libboost-graph-dev:amd64.
Preparing to unpack .../126-libboost-graph-dev_1.83.0.1ubuntu2_amd64.deb ...
Unpacking libboost-graph-dev:amd64 (1.83.0.1ubuntu2) ...
Selecting previously unselected package libevent-pthreads-2.1-7t64:amd64.
Preparing to unpack .../127-libevent-pthreads-2.1-7t64_2.1.12-stable-9ubuntu2_amd64.deb ...
Unpacking libevent-pthreads-2.1-7t64:amd64 (2.1.12-stable-9ubuntu2) ...
Selecting previously unselected package libpsm-infinipath1.
Preparing to unpack .../128-libpsm-infinipath1_3.3+20.604758e7-6.3build1_amd64.deb ...
Unpacking libpsm-infinipath1 (3.3+20.604758e7-6.3build1) ...
Selecting previously unselected package libpsm2-2.
Preparing to unpack .../129-libpsm2-2_11.2.185-2build1_amd64.deb ...
Unpacking libpsm2-2 (11.2.185-2build1) ...
Selecting previously unselected package librdmacm1t64:amd64.
Preparing to unpack .../130-librdmacm1t64_50.0-2ubuntu0.2_amd64.deb ...
Unpacking librdmacm1t64:amd64 (50.0-2ubuntu0.2) ...
Selecting previously unselected package libfabric1:amd64.
Preparing to unpack .../131-libfabric1_1.17.0-3build2_amd64.deb ...
Unpacking libfabric1:amd64 (1.17.0-3build2) ...
Selecting previously unselected package libhwloc15:amd64.
Preparing to unpack .../132-libhwloc15_2.10.0-1build1_amd64.deb ...
Unpacking libhwloc15:amd64 (2.10.0-1build1) ...
Selecting previously unselected package libmunge2:amd64.
Preparing to unpack .../133-libmunge2_0.5.15-4ubuntu0.1_amd64.deb ...
Unpacking libmunge2:amd64 (0.5.15-4ubuntu0.1) ...
Selecting previously unselected package libxnvctrl0:amd64.
Preparing to unpack .../134-libxnvctrl0_510.47.03-0ubuntu4.24.04.1_amd64.deb ...
Unpacking libxnvctrl0:amd64 (510.47.03-0ubuntu4.24.04.1) ...
Selecting previously unselected package libhwloc-plugins:amd64.
Preparing to unpack .../135-libhwloc-plugins_2.10.0-1build1_amd64.deb ...
Unpacking libhwloc-plugins:amd64 (2.10.0-1build1) ...
Selecting previously unselected package libpmix2t64:amd64.
Preparing to unpack .../136-libpmix2t64_5.0.1-4.1build1_amd64.deb ...
Unpacking libpmix2t64:amd64 (5.0.1-4.1build1) ...
Selecting previously unselected package libucx0:amd64.
Preparing to unpack .../137-libucx0_1.16.0+ds-5ubuntu1_amd64.deb ...
Unpacking libucx0:amd64 (1.16.0+ds-5ubuntu1) ...
Selecting previously unselected package libopenmpi3t64:amd64.
Preparing to unpack .../138-libopenmpi3t64_4.1.6-7ubuntu2_amd64.deb ...
Unpacking libopenmpi3t64:amd64 (4.1.6-7ubuntu2) ...
Selecting previously unselected package libboost-mpi1.83.0.
Preparing to unpack .../139-libboost-mpi1.83.0_1.83.0-2.1ubuntu3.2_amd64.deb ...
Unpacking libboost-mpi1.83.0 (1.83.0-2.1ubuntu3.2) ...
Selecting previously unselected package libboost-graph-parallel1.83.0.
Preparing to unpack .../140-libboost-graph-parallel1.83.0_1.83.0-2.1ubuntu3.2_amd64.deb ...
Unpacking libboost-graph-parallel1.83.0 (1.83.0-2.1ubuntu3.2) ...
Selecting previously unselected package libboost-graph-parallel1.83-dev.
Preparing to unpack .../141-libboost-graph-parallel1.83-dev_1.83.0-2.1ubuntu3.2_amd64.deb ...
Unpacking libboost-graph-parallel1.83-dev (1.83.0-2.1ubuntu3.2) ...
Selecting previously unselected package libboost-graph-parallel-dev.
Preparing to unpack .../142-libboost-graph-parallel-dev_1.83.0.1ubuntu2_amd64.deb ...
Unpacking libboost-graph-parallel-dev (1.83.0.1ubuntu2) ...
Selecting previously unselected package libboost-iostreams1.83.0:amd64.
Preparing to unpack .../143-libboost-iostreams1.83.0_1.83.0-2.1ubuntu3.2_amd64.deb ...
Unpacking libboost-iostreams1.83.0:amd64 (1.83.0-2.1ubuntu3.2) ...
Selecting previously unselected package libboost-iostreams1.83-dev:amd64.
Preparing to unpack .../144-libboost-iostreams1.83-dev_1.83.0-2.1ubuntu3.2_amd64.deb ...
Unpacking libboost-iostreams1.83-dev:amd64 (1.83.0-2.1ubuntu3.2) ...
Selecting previously unselected package libboost-iostreams-dev:amd64.
Preparing to unpack .../145-libboost-iostreams-dev_1.83.0.1ubuntu2_amd64.deb ...
Unpacking libboost-iostreams-dev:amd64 (1.83.0.1ubuntu2) ...
Selecting previously unselected package libboost-json1.83.0:amd64.
Preparing to unpack .../146-libboost-json1.83.0_1.83.0-2.1ubuntu3.2_amd64.deb ...
Unpacking libboost-json1.83.0:amd64 (1.83.0-2.1ubuntu3.2) ...
Selecting previously unselected package libboost-json1.83-dev:amd64.
Preparing to unpack .../147-libboost-json1.83-dev_1.83.0-2.1ubuntu3.2_amd64.deb ...
Unpacking libboost-json1.83-dev:amd64 (1.83.0-2.1ubuntu3.2) ...
Selecting previously unselected package libboost-json-dev:amd64.
Preparing to unpack .../148-libboost-json-dev_1.83.0.1ubuntu2_amd64.deb ...
Unpacking libboost-json-dev:amd64 (1.83.0.1ubuntu2) ...
Selecting previously unselected package libboost-locale1.83.0:amd64.
Preparing to unpack .../149-libboost-locale1.83.0_1.83.0-2.1ubuntu3.2_amd64.deb ...
Unpacking libboost-locale1.83.0:amd64 (1.83.0-2.1ubuntu3.2) ...
Selecting previously unselected package libboost-locale1.83-dev:amd64.
Preparing to unpack .../150-libboost-locale1.83-dev_1.83.0-2.1ubuntu3.2_amd64.deb ...
Unpacking libboost-locale1.83-dev:amd64 (1.83.0-2.1ubuntu3.2) ...
Selecting previously unselected package libboost-locale-dev:amd64.
Preparing to unpack .../151-libboost-locale-dev_1.83.0.1ubuntu2_amd64.deb ...
Unpacking libboost-locale-dev:amd64 (1.83.0.1ubuntu2) ...
Selecting previously unselected package libboost-log1.83.0.
Preparing to unpack .../152-libboost-log1.83.0_1.83.0-2.1ubuntu3.2_amd64.deb ...
Unpacking libboost-log1.83.0 (1.83.0-2.1ubuntu3.2) ...
Selecting previously unselected package libboost-log1.83-dev.
Preparing to unpack .../153-libboost-log1.83-dev_1.83.0-2.1ubuntu3.2_amd64.deb ...
Unpacking libboost-log1.83-dev (1.83.0-2.1ubuntu3.2) ...
Selecting previously unselected package libboost-log-dev.
Preparing to unpack .../154-libboost-log-dev_1.83.0.1ubuntu2_amd64.deb ...
Unpacking libboost-log-dev (1.83.0.1ubuntu2) ...
Selecting previously unselected package libboost-math1.83.0:amd64.
Preparing to unpack .../155-libboost-math1.83.0_1.83.0-2.1ubuntu3.2_amd64.deb ...
Unpacking libboost-math1.83.0:amd64 (1.83.0-2.1ubuntu3.2) ...
Selecting previously unselected package libboost-math1.83-dev:amd64.
Preparing to unpack .../156-libboost-math1.83-dev_1.83.0-2.1ubuntu3.2_amd64.deb ...
Unpacking libboost-math1.83-dev:amd64 (1.83.0-2.1ubuntu3.2) ...
Selecting previously unselected package libboost-math-dev:amd64.
Preparing to unpack .../157-libboost-math-dev_1.83.0.1ubuntu2_amd64.deb ...
Unpacking libboost-math-dev:amd64 (1.83.0.1ubuntu2) ...
Selecting previously unselected package openmpi-common.
Preparing to unpack .../158-openmpi-common_4.1.6-7ubuntu2_all.deb ...
Unpacking openmpi-common (4.1.6-7ubuntu2) ...
Selecting previously unselected package libnl-3-dev:amd64.
Preparing to unpack .../159-libnl-3-dev_3.7.0-0.3build1.1_amd64.deb ...
Unpacking libnl-3-dev:amd64 (3.7.0-0.3build1.1) ...
Selecting previously unselected package libnl-route-3-dev:amd64.
Preparing to unpack .../160-libnl-route-3-dev_3.7.0-0.3build1.1_amd64.deb ...
Unpacking libnl-route-3-dev:amd64 (3.7.0-0.3build1.1) ...
Selecting previously unselected package libibverbs-dev:amd64.
Preparing to unpack .../161-libibverbs-dev_50.0-2ubuntu0.2_amd64.deb ...
Unpacking libibverbs-dev:amd64 (50.0-2ubuntu0.2) ...
Selecting previously unselected package libnuma-dev:amd64.
Preparing to unpack .../162-libnuma-dev_2.0.18-1ubuntu0.24.04.1_amd64.deb ...
Unpacking libnuma-dev:amd64 (2.0.18-1ubuntu0.24.04.1) ...
Selecting previously unselected package libhwloc-dev:amd64.
Preparing to unpack .../163-libhwloc-dev_2.10.0-1build1_amd64.deb ...
Unpacking libhwloc-dev:amd64 (2.10.0-1build1) ...
Selecting previously unselected package libevent-extra-2.1-7t64:amd64.
Preparing to unpack .../164-libevent-extra-2.1-7t64_2.1.12-stable-9ubuntu2_amd64.deb ...
Unpacking libevent-extra-2.1-7t64:amd64 (2.1.12-stable-9ubuntu2) ...
Selecting previously unselected package libevent-openssl-2.1-7t64:amd64.
Preparing to unpack .../165-libevent-openssl-2.1-7t64_2.1.12-stable-9ubuntu2_amd64.deb ...
Unpacking libevent-openssl-2.1-7t64:amd64 (2.1.12-stable-9ubuntu2) ...
Selecting previously unselected package libevent-dev.
Preparing to unpack .../166-libevent-dev_2.1.12-stable-9ubuntu2_amd64.deb ...
Unpacking libevent-dev (2.1.12-stable-9ubuntu2) ...
Selecting previously unselected package libpmix-dev:amd64.
Preparing to unpack .../167-libpmix-dev_5.0.1-4.1build1_amd64.deb ...
Unpacking libpmix-dev:amd64 (5.0.1-4.1build1) ...
Selecting previously unselected package libjs-jquery.
Preparing to unpack .../168-libjs-jquery_3.6.1+dfsg+~3.5.14-1_all.deb ...
Unpacking libjs-jquery (3.6.1+dfsg+~3.5.14-1) ...
Selecting previously unselected package libjs-jquery-ui.
Preparing to unpack .../169-libjs-jquery-ui_1.13.2+dfsg-1_all.deb ...
Unpacking libjs-jquery-ui (1.13.2+dfsg-1) ...
Selecting previously unselected package openmpi-bin.
Preparing to unpack .../170-openmpi-bin_4.1.6-7ubuntu2_amd64.deb ...
Unpacking openmpi-bin (4.1.6-7ubuntu2) ...
Selecting previously unselected package libopenmpi-dev:amd64.
Preparing to unpack .../171-libopenmpi-dev_4.1.6-7ubuntu2_amd64.deb ...
Unpacking libopenmpi-dev:amd64 (4.1.6-7ubuntu2) ...
Selecting previously unselected package mpi-default-dev.
Preparing to unpack .../172-mpi-default-dev_1.15build1_amd64.deb ...
Unpacking mpi-default-dev (1.15build1) ...
Selecting previously unselected package libboost-mpi1.83-dev.
Preparing to unpack .../173-libboost-mpi1.83-dev_1.83.0-2.1ubuntu3.2_amd64.deb ...
Unpacking libboost-mpi1.83-dev (1.83.0-2.1ubuntu3.2) ...
Selecting previously unselected package libboost-mpi-dev.
Preparing to unpack .../174-libboost-mpi-dev_1.83.0.1ubuntu2_amd64.deb ...
Unpacking libboost-mpi-dev (1.83.0.1ubuntu2) ...
Selecting previously unselected package libboost-python1.83.0.
Preparing to unpack .../175-libboost-python1.83.0_1.83.0-2.1ubuntu3.2_amd64.deb ...
Unpacking libboost-python1.83.0 (1.83.0-2.1ubuntu3.2) ...
Selecting previously unselected package mpi-default-bin.
Preparing to unpack .../176-mpi-default-bin_1.15build1_amd64.deb ...
Unpacking mpi-default-bin (1.15build1) ...
Selecting previously unselected package libboost-mpi-python1.83.0.
Preparing to unpack .../177-libboost-mpi-python1.83.0_1.83.0-2.1ubuntu3.2_amd64.deb ...
Unpacking libboost-mpi-python1.83.0 (1.83.0-2.1ubuntu3.2) ...
Selecting previously unselected package libboost-mpi-python1.83-dev.
Preparing to unpack .../178-libboost-mpi-python1.83-dev_1.83.0-2.1ubuntu3.2_amd64.deb ...
Unpacking libboost-mpi-python1.83-dev (1.83.0-2.1ubuntu3.2) ...
Selecting previously unselected package libboost-mpi-python-dev.
Preparing to unpack .../179-libboost-mpi-python-dev_1.83.0.1ubuntu2_amd64.deb ...
Unpacking libboost-mpi-python-dev (1.83.0.1ubuntu2) ...
Selecting previously unselected package libboost-numpy1.83.0.
Preparing to unpack .../180-libboost-numpy1.83.0_1.83.0-2.1ubuntu3.2_amd64.deb ...
Unpacking libboost-numpy1.83.0 (1.83.0-2.1ubuntu3.2) ...
Selecting previously unselected package libboost-numpy1.83-dev.
Preparing to unpack .../181-libboost-numpy1.83-dev_1.83.0-2.1ubuntu3.2_amd64.deb ...
Unpacking libboost-numpy1.83-dev (1.83.0-2.1ubuntu3.2) ...
Selecting previously unselected package libboost-numpy-dev.
Preparing to unpack .../182-libboost-numpy-dev_1.83.0.1ubuntu2_amd64.deb ...
Unpacking libboost-numpy-dev (1.83.0.1ubuntu2) ...
Selecting previously unselected package libboost-program-options1.83.0:amd64.
Preparing to unpack .../183-libboost-program-options1.83.0_1.83.0-2.1ubuntu3.2_amd64.deb ...
Unpacking libboost-program-options1.83.0:amd64 (1.83.0-2.1ubuntu3.2) ...
Selecting previously unselected package libboost-program-options1.83-dev:amd64.
Preparing to unpack .../184-libboost-program-options1.83-dev_1.83.0-2.1ubuntu3.2_amd64.deb ...
Unpacking libboost-program-options1.83-dev:amd64 (1.83.0-2.1ubuntu3.2) ...
Selecting previously unselected package libboost-program-options-dev:amd64.
Preparing to unpack .../185-libboost-program-options-dev_1.83.0.1ubuntu2_amd64.deb ...
Unpacking libboost-program-options-dev:amd64 (1.83.0.1ubuntu2) ...
Selecting previously unselected package libpython3.12-dev:amd64.
Preparing to unpack .../186-libpython3.12-dev_3.12.3-1ubuntu0.15_amd64.deb ...
Unpacking libpython3.12-dev:amd64 (3.12.3-1ubuntu0.15) ...
Selecting previously unselected package libpython3-dev:amd64.
Preparing to unpack .../187-libpython3-dev_3.12.3-0ubuntu2.1_amd64.deb ...
Unpacking libpython3-dev:amd64 (3.12.3-0ubuntu2.1) ...
Selecting previously unselected package python3.12-dev.
Preparing to unpack .../188-python3.12-dev_3.12.3-1ubuntu0.15_amd64.deb ...
Unpacking python3.12-dev (3.12.3-1ubuntu0.15) ...
Selecting previously unselected package libjs-underscore.
Preparing to unpack .../189-libjs-underscore_1.13.4~dfsg+~1.11.4-3_all.deb ...
Unpacking libjs-underscore (1.13.4~dfsg+~1.11.4-3) ...
Selecting previously unselected package libjs-sphinxdoc.
Preparing to unpack .../190-libjs-sphinxdoc_7.2.6-6_all.deb ...
Unpacking libjs-sphinxdoc (7.2.6-6) ...
Selecting previously unselected package python3-dev.
Preparing to unpack .../191-python3-dev_3.12.3-0ubuntu2.1_amd64.deb ...
Unpacking python3-dev (3.12.3-0ubuntu2.1) ...
Selecting previously unselected package libboost-python1.83-dev.
Preparing to unpack .../192-libboost-python1.83-dev_1.83.0-2.1ubuntu3.2_amd64.deb ...
Unpacking libboost-python1.83-dev (1.83.0-2.1ubuntu3.2) ...
Selecting previously unselected package libboost-python-dev.
Preparing to unpack .../193-libboost-python-dev_1.83.0.1ubuntu2_amd64.deb ...
Unpacking libboost-python-dev (1.83.0.1ubuntu2) ...
Selecting previously unselected package libboost-random1.83.0:amd64.
Preparing to unpack .../194-libboost-random1.83.0_1.83.0-2.1ubuntu3.2_amd64.deb ...
Unpacking libboost-random1.83.0:amd64 (1.83.0-2.1ubuntu3.2) ...
Selecting previously unselected package libboost-random1.83-dev:amd64.
Preparing to unpack .../195-libboost-random1.83-dev_1.83.0-2.1ubuntu3.2_amd64.deb ...
Unpacking libboost-random1.83-dev:amd64 (1.83.0-2.1ubuntu3.2) ...
Selecting previously unselected package libboost-random-dev:amd64.
Preparing to unpack .../196-libboost-random-dev_1.83.0.1ubuntu2_amd64.deb ...
Unpacking libboost-random-dev:amd64 (1.83.0.1ubuntu2) ...
Selecting previously unselected package libboost-regex-dev:amd64.
Preparing to unpack .../197-libboost-regex-dev_1.83.0.1ubuntu2_amd64.deb ...
Unpacking libboost-regex-dev:amd64 (1.83.0.1ubuntu2) ...
Selecting previously unselected package libboost-serialization-dev:amd64.
Preparing to unpack .../198-libboost-serialization-dev_1.83.0.1ubuntu2_amd64.deb ...
Unpacking libboost-serialization-dev:amd64 (1.83.0.1ubuntu2) ...
Selecting previously unselected package libboost-stacktrace1.83.0:amd64.
Preparing to unpack .../199-libboost-stacktrace1.83.0_1.83.0-2.1ubuntu3.2_amd64.deb ...
Unpacking libboost-stacktrace1.83.0:amd64 (1.83.0-2.1ubuntu3.2) ...
Selecting previously unselected package libboost-stacktrace1.83-dev:amd64.
Preparing to unpack .../200-libboost-stacktrace1.83-dev_1.83.0-2.1ubuntu3.2_amd64.deb ...
Unpacking libboost-stacktrace1.83-dev:amd64 (1.83.0-2.1ubuntu3.2) ...
Selecting previously unselected package libboost-stacktrace-dev:amd64.
Preparing to unpack .../201-libboost-stacktrace-dev_1.83.0.1ubuntu2_amd64.deb ...
Unpacking libboost-stacktrace-dev:amd64 (1.83.0.1ubuntu2) ...
Selecting previously unselected package libboost-system-dev:amd64.
Preparing to unpack .../202-libboost-system-dev_1.83.0.1ubuntu2_amd64.deb ...
Unpacking libboost-system-dev:amd64 (1.83.0.1ubuntu2) ...
Selecting previously unselected package libboost-test-dev:amd64.
Preparing to unpack .../203-libboost-test-dev_1.83.0.1ubuntu2_amd64.deb ...
Unpacking libboost-test-dev:amd64 (1.83.0.1ubuntu2) ...
Selecting previously unselected package libboost-thread-dev:amd64.
Preparing to unpack .../204-libboost-thread-dev_1.83.0.1ubuntu2_amd64.deb ...
Unpacking libboost-thread-dev:amd64 (1.83.0.1ubuntu2) ...
Selecting previously unselected package libboost-timer1.83.0:amd64.
Preparing to unpack .../205-libboost-timer1.83.0_1.83.0-2.1ubuntu3.2_amd64.deb ...
Unpacking libboost-timer1.83.0:amd64 (1.83.0-2.1ubuntu3.2) ...
Selecting previously unselected package libboost-timer1.83-dev:amd64.
Preparing to unpack .../206-libboost-timer1.83-dev_1.83.0-2.1ubuntu3.2_amd64.deb ...
Unpacking libboost-timer1.83-dev:amd64 (1.83.0-2.1ubuntu3.2) ...
Selecting previously unselected package libboost-timer-dev:amd64.
Preparing to unpack .../207-libboost-timer-dev_1.83.0.1ubuntu2_amd64.deb ...
Unpacking libboost-timer-dev:amd64 (1.83.0.1ubuntu2) ...
Selecting previously unselected package libboost-type-erasure1.83.0:amd64.
Preparing to unpack .../208-libboost-type-erasure1.83.0_1.83.0-2.1ubuntu3.2_amd64.deb ...
Unpacking libboost-type-erasure1.83.0:amd64 (1.83.0-2.1ubuntu3.2) ...
Selecting previously unselected package libboost-type-erasure1.83-dev:amd64.
Preparing to unpack .../209-libboost-type-erasure1.83-dev_1.83.0-2.1ubuntu3.2_amd64.deb ...
Unpacking libboost-type-erasure1.83-dev:amd64 (1.83.0-2.1ubuntu3.2) ...
Selecting previously unselected package libboost-type-erasure-dev:amd64.
Preparing to unpack .../210-libboost-type-erasure-dev_1.83.0.1ubuntu2_amd64.deb ...
Unpacking libboost-type-erasure-dev:amd64 (1.83.0.1ubuntu2) ...
Selecting previously unselected package libboost-url1.83.0:amd64.
Preparing to unpack .../211-libboost-url1.83.0_1.83.0-2.1ubuntu3.2_amd64.deb ...
Unpacking libboost-url1.83.0:amd64 (1.83.0-2.1ubuntu3.2) ...
Selecting previously unselected package libboost-url1.83-dev:amd64.
Preparing to unpack .../212-libboost-url1.83-dev_1.83.0-2.1ubuntu3.2_amd64.deb ...
Unpacking libboost-url1.83-dev:amd64 (1.83.0-2.1ubuntu3.2) ...
Selecting previously unselected package libboost-url-dev:amd64.
Preparing to unpack .../213-libboost-url-dev_1.83.0.1ubuntu2_amd64.deb ...
Unpacking libboost-url-dev:amd64 (1.83.0.1ubuntu2) ...
Selecting previously unselected package libboost-wave1.83.0:amd64.
Preparing to unpack .../214-libboost-wave1.83.0_1.83.0-2.1ubuntu3.2_amd64.deb ...
Unpacking libboost-wave1.83.0:amd64 (1.83.0-2.1ubuntu3.2) ...
Selecting previously unselected package libboost-wave1.83-dev:amd64.
Preparing to unpack .../215-libboost-wave1.83-dev_1.83.0-2.1ubuntu3.2_amd64.deb ...
Unpacking libboost-wave1.83-dev:amd64 (1.83.0-2.1ubuntu3.2) ...
Selecting previously unselected package libboost-wave-dev:amd64.
Preparing to unpack .../216-libboost-wave-dev_1.83.0.1ubuntu2_amd64.deb ...
Unpacking libboost-wave-dev:amd64 (1.83.0.1ubuntu2) ...
Selecting previously unselected package libboost-nowide1.83.0.
Preparing to unpack .../217-libboost-nowide1.83.0_1.83.0-2.1ubuntu3.2_amd64.deb ...
Unpacking libboost-nowide1.83.0 (1.83.0-2.1ubuntu3.2) ...
Selecting previously unselected package libboost-nowide1.83-dev.
Preparing to unpack .../218-libboost-nowide1.83-dev_1.83.0-2.1ubuntu3.2_amd64.deb ...
Unpacking libboost-nowide1.83-dev (1.83.0-2.1ubuntu3.2) ...
Selecting previously unselected package libboost-nowide-dev.
Preparing to unpack .../219-libboost-nowide-dev_1.83.0.1ubuntu2_amd64.deb ...
Unpacking libboost-nowide-dev (1.83.0.1ubuntu2) ...
Selecting previously unselected package libboost-all-dev.
Preparing to unpack .../220-libboost-all-dev_1.83.0.1ubuntu2_amd64.deb ...
Unpacking libboost-all-dev (1.83.0.1ubuntu2) ...
Selecting previously unselected package libcaf-openmpi-3t64:amd64.
Preparing to unpack .../221-libcaf-openmpi-3t64_2.10.2+ds-2.1build2_amd64.deb ...
Unpacking libcaf-openmpi-3t64:amd64 (2.10.2+ds-2.1build2) ...
Selecting previously unselected package libpixman-1-dev:amd64.
Preparing to unpack .../222-libpixman-1-dev_0.42.2-1build1_amd64.deb ...
Unpacking libpixman-1-dev:amd64 (0.42.2-1build1) ...
Selecting previously unselected package libice-dev:amd64.
Preparing to unpack .../223-libice-dev_2%3a1.0.10-1build3_amd64.deb ...
Unpacking libice-dev:amd64 (2:1.0.10-1build3) ...
Selecting previously unselected package libsm-dev:amd64.
Preparing to unpack .../224-libsm-dev_2%3a1.2.3-1build3_amd64.deb ...
Unpacking libsm-dev:amd64 (2:1.2.3-1build3) ...
Selecting previously unselected package libxcb-render0-dev:amd64.
Preparing to unpack .../225-libxcb-render0-dev_1.15-1ubuntu2_amd64.deb ...
Unpacking libxcb-render0-dev:amd64 (1.15-1ubuntu2) ...
Selecting previously unselected package libxcb-shm0-dev:amd64.
Preparing to unpack .../226-libxcb-shm0-dev_1.15-1ubuntu2_amd64.deb ...
Unpacking libxcb-shm0-dev:amd64 (1.15-1ubuntu2) ...
Selecting previously unselected package libcairo2-dev:amd64.
Preparing to unpack .../227-libcairo2-dev_1.18.0-3build1_amd64.deb ...
Unpacking libcairo2-dev:amd64 (1.18.0-3build1) ...
Selecting previously unselected package libcoarrays-dev:amd64.
Preparing to unpack .../228-libcoarrays-dev_2.10.2+ds-2.1build2_amd64.deb ...
Unpacking libcoarrays-dev:amd64 (2.10.2+ds-2.1build2) ...
Selecting previously unselected package libcoarrays-openmpi-dev:amd64.
Preparing to unpack .../229-libcoarrays-openmpi-dev_2.10.2+ds-2.1build2_amd64.deb ...
Unpacking libcoarrays-openmpi-dev:amd64 (2.10.2+ds-2.1build2) ...
Selecting previously unselected package libdatrie-dev:amd64.
Preparing to unpack .../230-libdatrie-dev_0.2.13-3build1_amd64.deb ...
Unpacking libdatrie-dev:amd64 (0.2.13-3build1) ...
Selecting previously unselected package libdbi1t64:amd64.
Preparing to unpack .../231-libdbi1t64_0.9.0-6.1build1_amd64.deb ...
Unpacking libdbi1t64:amd64 (0.9.0-6.1build1) ...
Selecting previously unselected package libdbd-sqlite3:amd64.
Preparing to unpack .../232-libdbd-sqlite3_0.9.0-12_amd64.deb ...
Unpacking libdbd-sqlite3:amd64 (0.9.0-12) ...
Selecting previously unselected package libdbi-dev.
Preparing to unpack .../233-libdbi-dev_0.9.0-6.1build1_amd64.deb ...
Unpacking libdbi-dev (0.9.0-6.1build1) ...
Selecting previously unselected package libdeflate-dev:amd64.
Preparing to unpack .../234-libdeflate-dev_1.19-1build1.1_amd64.deb ...
Unpacking libdeflate-dev:amd64 (1.19-1build1.1) ...
Selecting previously unselected package libglx-dev:amd64.
Preparing to unpack .../235-libglx-dev_1.7.0-1build1_amd64.deb ...
Unpacking libglx-dev:amd64 (1.7.0-1build1) ...
Selecting previously unselected package libgl-dev:amd64.
Preparing to unpack .../236-libgl-dev_1.7.0-1build1_amd64.deb ...
Unpacking libgl-dev:amd64 (1.7.0-1build1) ...
Selecting previously unselected package libegl-dev:amd64.
Preparing to unpack .../237-libegl-dev_1.7.0-1build1_amd64.deb ...
Unpacking libegl-dev:amd64 (1.7.0-1build1) ...
Selecting previously unselected package libglvnd-core-dev:amd64.
Preparing to unpack .../238-libglvnd-core-dev_1.7.0-1build1_amd64.deb ...
Unpacking libglvnd-core-dev:amd64 (1.7.0-1build1) ...
Selecting previously unselected package libgles1:amd64.
Preparing to unpack .../239-libgles1_1.7.0-1build1_amd64.deb ...
Unpacking libgles1:amd64 (1.7.0-1build1) ...
Selecting previously unselected package libgles-dev:amd64.
Preparing to unpack .../240-libgles-dev_1.7.0-1build1_amd64.deb ...
Unpacking libgles-dev:amd64 (1.7.0-1build1) ...
Selecting previously unselected package libopengl-dev:amd64.
Preparing to unpack .../241-libopengl-dev_1.7.0-1build1_amd64.deb ...
Unpacking libopengl-dev:amd64 (1.7.0-1build1) ...
Selecting previously unselected package libglvnd-dev:amd64.
Preparing to unpack .../242-libglvnd-dev_1.7.0-1build1_amd64.deb ...
Unpacking libglvnd-dev:amd64 (1.7.0-1build1) ...
Selecting previously unselected package libegl1-mesa-dev:amd64.
Preparing to unpack .../243-libegl1-mesa-dev_25.2.8-0ubuntu0.24.04.2_amd64.deb ...
Unpacking libegl1-mesa-dev:amd64 (25.2.8-0ubuntu0.24.04.2) ...
Selecting previously unselected package libepoxy-dev:amd64.
Preparing to unpack .../244-libepoxy-dev_1.5.10-1build1_amd64.deb ...
Unpacking libepoxy-dev:amd64 (1.5.10-1build1) ...
Selecting previously unselected package libfribidi-dev:amd64.
Preparing to unpack .../245-libfribidi-dev_1.0.13-3build1_amd64.deb ...
Unpacking libfribidi-dev:amd64 (1.0.13-3build1) ...
Selecting previously unselected package libgpg-error-dev.
Preparing to unpack .../246-libgpg-error-dev_1.47-3build2.1_amd64.deb ...
Unpacking libgpg-error-dev (1.47-3build2.1) ...
Selecting previously unselected package libgcrypt20-dev.
Preparing to unpack .../247-libgcrypt20-dev_1.10.3-2ubuntu0.1_amd64.deb ...
Unpacking libgcrypt20-dev (1.10.3-2ubuntu0.1) ...
Selecting previously unselected package libgdk-pixbuf2.0-bin.
Preparing to unpack .../248-libgdk-pixbuf2.0-bin_2.42.10+dfsg-3ubuntu3.3_amd64.deb ...
Unpacking libgdk-pixbuf2.0-bin (2.42.10+dfsg-3ubuntu3.3) ...
Selecting previously unselected package libjpeg-turbo8-dev:amd64.
Preparing to unpack .../249-libjpeg-turbo8-dev_2.1.5-2ubuntu2_amd64.deb ...
Unpacking libjpeg-turbo8-dev:amd64 (2.1.5-2ubuntu2) ...
Selecting previously unselected package libjpeg8-dev:amd64.
Preparing to unpack .../250-libjpeg8-dev_8c-2ubuntu11_amd64.deb ...
Unpacking libjpeg8-dev:amd64 (8c-2ubuntu11) ...
Selecting previously unselected package libjpeg-dev:amd64.
Preparing to unpack .../251-libjpeg-dev_8c-2ubuntu11_amd64.deb ...
Unpacking libjpeg-dev:amd64 (8c-2ubuntu11) ...
Selecting previously unselected package libjbig-dev:amd64.
Preparing to unpack .../252-libjbig-dev_2.1-6.1ubuntu2_amd64.deb ...
Unpacking libjbig-dev:amd64 (2.1-6.1ubuntu2) ...
Selecting previously unselected package libzstd-dev:amd64.
Preparing to unpack .../253-libzstd-dev_1.5.5+dfsg2-2build1.1_amd64.deb ...
Unpacking libzstd-dev:amd64 (1.5.5+dfsg2-2build1.1) ...
Selecting previously unselected package libwebpdecoder3:amd64.
Preparing to unpack .../254-libwebpdecoder3_1.3.2-0.4build3_amd64.deb ...
Unpacking libwebpdecoder3:amd64 (1.3.2-0.4build3) ...
Selecting previously unselected package libsharpyuv-dev:amd64.
Preparing to unpack .../255-libsharpyuv-dev_1.3.2-0.4build3_amd64.deb ...
Unpacking libsharpyuv-dev:amd64 (1.3.2-0.4build3) ...
Selecting previously unselected package libwebp-dev:amd64.
Preparing to unpack .../256-libwebp-dev_1.3.2-0.4build3_amd64.deb ...
Unpacking libwebp-dev:amd64 (1.3.2-0.4build3) ...
Selecting previously unselected package libtiffxx6:amd64.
Preparing to unpack .../257-libtiffxx6_4.5.1+git230720-4ubuntu2.5_amd64.deb ...
Unpacking libtiffxx6:amd64 (4.5.1+git230720-4ubuntu2.5) ...
Selecting previously unselected package liblerc-dev:amd64.
Preparing to unpack .../258-liblerc-dev_4.0.0+ds-4ubuntu2_amd64.deb ...
Unpacking liblerc-dev:amd64 (4.0.0+ds-4ubuntu2) ...
Selecting previously unselected package libtiff-dev:amd64.
Preparing to unpack .../259-libtiff-dev_4.5.1+git230720-4ubuntu2.5_amd64.deb ...
Unpacking libtiff-dev:amd64 (4.5.1+git230720-4ubuntu2.5) ...
Selecting previously unselected package libgdk-pixbuf-2.0-dev:amd64.
Preparing to unpack .../260-libgdk-pixbuf-2.0-dev_2.42.10+dfsg-3ubuntu3.3_amd64.deb ...
Unpacking libgdk-pixbuf-2.0-dev:amd64 (2.42.10+dfsg-3ubuntu3.3) ...
Selecting previously unselected package libgtest-dev:amd64.
Preparing to unpack .../261-libgtest-dev_1.14.0-1_amd64.deb ...
Unpacking libgtest-dev:amd64 (1.14.0-1) ...
Selecting previously unselected package libgmock-dev:amd64.
Preparing to unpack .../262-libgmock-dev_1.14.0-1_amd64.deb ...
Unpacking libgmock-dev:amd64 (1.14.0-1) ...
Preparing to unpack .../263-libgraphite2-3_1.3.14-2ubuntu0.24.04.1_amd64.deb ...
Unpacking libgraphite2-3:amd64 (1.3.14-2ubuntu0.24.04.1) over (1.3.14-2build1) ...
Selecting previously unselected package libgraphite2-dev:amd64.
Preparing to unpack .../264-libgraphite2-dev_1.3.14-2ubuntu0.24.04.1_amd64.deb ...
Unpacking libgraphite2-dev:amd64 (1.3.14-2ubuntu0.24.04.1) ...
Selecting previously unselected package libharfbuzz-subset0:amd64.
Preparing to unpack .../265-libharfbuzz-subset0_8.3.0-2build2_amd64.deb ...
Unpacking libharfbuzz-subset0:amd64 (8.3.0-2build2) ...
Selecting previously unselected package libharfbuzz-cairo0:amd64.
Preparing to unpack .../266-libharfbuzz-cairo0_8.3.0-2build2_amd64.deb ...
Unpacking libharfbuzz-cairo0:amd64 (8.3.0-2build2) ...
Selecting previously unselected package libharfbuzz-dev:amd64.
Preparing to unpack .../267-libharfbuzz-dev_8.3.0-2build2_amd64.deb ...
Unpacking libharfbuzz-dev:amd64 (8.3.0-2build2) ...
Selecting previously unselected package libthai-dev:amd64.
Preparing to unpack .../268-libthai-dev_0.1.29-2build1_amd64.deb ...
Unpacking libthai-dev:amd64 (0.1.29-2build1) ...
Selecting previously unselected package pango1.0-tools.
Preparing to unpack .../269-pango1.0-tools_1.52.1+ds-1build1_amd64.deb ...
Unpacking pango1.0-tools (1.52.1+ds-1build1) ...
Selecting previously unselected package libpango1.0-dev:amd64.
Preparing to unpack .../270-libpango1.0-dev_1.52.1+ds-1build1_amd64.deb ...
Unpacking libpango1.0-dev:amd64 (1.52.1+ds-1build1) ...
Selecting previously unselected package libwayland-bin.
Preparing to unpack .../271-libwayland-bin_1.22.0-2.1build1_amd64.deb ...
Unpacking libwayland-bin (1.22.0-2.1build1) ...
Selecting previously unselected package libwayland-dev:amd64.
Preparing to unpack .../272-libwayland-dev_1.22.0-2.1build1_amd64.deb ...
Unpacking libwayland-dev:amd64 (1.22.0-2.1build1) ...
Selecting previously unselected package libxcomposite-dev:amd64.
Preparing to unpack .../273-libxcomposite-dev_1%3a0.4.5-1build3_amd64.deb ...
Unpacking libxcomposite-dev:amd64 (1:0.4.5-1build3) ...
Selecting previously unselected package libxcursor-dev:amd64.
Preparing to unpack .../274-libxcursor-dev_1%3a1.2.1-1build1_amd64.deb ...
Unpacking libxcursor-dev:amd64 (1:1.2.1-1build1) ...
Selecting previously unselected package libxdamage-dev:amd64.
Preparing to unpack .../275-libxdamage-dev_1%3a1.1.6-1build1_amd64.deb ...
Unpacking libxdamage-dev:amd64 (1:1.1.6-1build1) ...
Selecting previously unselected package libxinerama-dev:amd64.
Preparing to unpack .../276-libxinerama-dev_2%3a1.1.4-3build1_amd64.deb ...
Unpacking libxinerama-dev:amd64 (2:1.1.4-3build1) ...
Selecting previously unselected package libxkbcommon-dev:amd64.
Preparing to unpack .../277-libxkbcommon-dev_1.6.0-1build1_amd64.deb ...
Unpacking libxkbcommon-dev:amd64 (1.6.0-1build1) ...
Selecting previously unselected package libxrandr-dev:amd64.
Preparing to unpack .../278-libxrandr-dev_2%3a1.5.2-2build1_amd64.deb ...
Unpacking libxrandr-dev:amd64 (2:1.5.2-2build1) ...
Selecting previously unselected package wayland-protocols.
Preparing to unpack .../279-wayland-protocols_1.45-1~ubuntu0.24.04.2_all.deb ...
Unpacking wayland-protocols (1.45-1~ubuntu0.24.04.2) ...
Selecting previously unselected package libgtk-3-dev:amd64.
Preparing to unpack .../280-libgtk-3-dev_3.24.41-4ubuntu1.3_amd64.deb ...
Unpacking libgtk-3-dev:amd64 (3.24.41-4ubuntu1.3) ...
Selecting previously unselected package libgwengui-gtk3-79t64:amd64.
Preparing to unpack .../281-libgwengui-gtk3-79t64_5.10.2-2.1build4_amd64.deb ...
Unpacking libgwengui-gtk3-79t64:amd64 (5.10.2-2.1build4) ...
Selecting previously unselected package libgwengui-gtk3-dev:amd64.
Preparing to unpack .../282-libgwengui-gtk3-dev_5.10.2-2.1build4_amd64.deb ...
Unpacking libgwengui-gtk3-dev:amd64 (5.10.2-2.1build4) ...
Selecting previously unselected package libjavascriptcoregtk-4.1-dev:amd64.
Preparing to unpack .../283-libjavascriptcoregtk-4.1-dev_2.52.3-0ubuntu0.24.04.1_amd64.deb ...
Unpacking libjavascriptcoregtk-4.1-dev:amd64 (2.52.3-0ubuntu0.24.04.1) ...
Selecting previously unselected package libnghttp2-dev:amd64.
Preparing to unpack .../284-libnghttp2-dev_1.59.0-1ubuntu0.4_amd64.deb ...
Unpacking libnghttp2-dev:amd64 (1.59.0-1ubuntu0.4) ...
Selecting previously unselected package libosp5.
Preparing to unpack .../285-libosp5_1.5.2-15ubuntu2_amd64.deb ...
Unpacking libosp5 (1.5.2-15ubuntu2) ...
Selecting previously unselected package libofx7t64:amd64.
Preparing to unpack .../286-libofx7t64_1%3a0.10.9-1.1build2_amd64.deb ...
Unpacking libofx7t64:amd64 (1:0.10.9-1.1build2) ...
Selecting previously unselected package opensp.
Preparing to unpack .../287-opensp_1.5.2-15ubuntu2_amd64.deb ...
Unpacking opensp (1.5.2-15ubuntu2) ...
Selecting previously unselected package libosp-dev.
Preparing to unpack .../288-libosp-dev_1.5.2-15ubuntu2_amd64.deb ...
Unpacking libosp-dev (1.5.2-15ubuntu2) ...
Selecting previously unselected package libofx-dev:amd64.
Preparing to unpack .../289-libofx-dev_1%3a0.10.9-1.1build2_amd64.deb ...
Unpacking libofx-dev:amd64 (1:0.10.9-1.1build2) ...
Selecting previously unselected package libpsl-dev:amd64.
Preparing to unpack .../290-libpsl-dev_0.21.2-1.1build1_amd64.deb ...
Unpacking libpsl-dev:amd64 (0.21.2-1.1build1) ...
Selecting previously unselected package libsecret-1-dev:amd64.
Preparing to unpack .../291-libsecret-1-dev_0.21.4-1build3_amd64.deb ...
Unpacking libsecret-1-dev:amd64 (0.21.4-1build3) ...
Selecting previously unselected package libsysprof-capture-4-dev:amd64.
Preparing to unpack .../292-libsysprof-capture-4-dev_46.0-1build1_amd64.deb ...
Unpacking libsysprof-capture-4-dev:amd64 (46.0-1build1) ...
Selecting previously unselected package libsoup-3.0-dev:amd64.
Preparing to unpack .../293-libsoup-3.0-dev_3.4.4-5ubuntu0.7_amd64.deb ...
Unpacking libsoup-3.0-dev:amd64 (3.4.4-5ubuntu0.7) ...
Selecting previously unselected package libwebkit2gtk-4.1-dev.
Preparing to unpack .../294-libwebkit2gtk-4.1-dev_2.52.3-0ubuntu0.24.04.1_amd64.deb ...
Unpacking libwebkit2gtk-4.1-dev (2.52.3-0ubuntu0.24.04.1) ...
Selecting previously unselected package libxml2-dev:amd64.
Preparing to unpack .../295-libxml2-dev_2.9.14+dfsg-1.3ubuntu3.8_amd64.deb ...
Unpacking libxml2-dev:amd64 (2.9.14+dfsg-1.3ubuntu3.8) ...
Selecting previously unselected package libxslt1-dev:amd64.
Preparing to unpack .../296-libxslt1-dev_1.1.39-0exp1ubuntu0.24.04.3_amd64.deb ...
Unpacking libxslt1-dev:amd64 (1.1.39-0exp1ubuntu0.24.04.3) ...
Selecting previously unselected package swig.
Preparing to unpack .../297-swig_4.2.0-2ubuntu1_amd64.deb ...
Unpacking swig (4.2.0-2ubuntu1) ...
Selecting previously unselected package xdg-desktop-portal.
Preparing to unpack .../298-xdg-desktop-portal_1.18.4-1ubuntu2.24.04.2_amd64.deb ...
Unpacking xdg-desktop-portal (1.18.4-1ubuntu2.24.04.2) ...
Selecting previously unselected package xdg-desktop-portal-gtk.
Preparing to unpack .../299-xdg-desktop-portal-gtk_1.15.1-1build2_amd64.deb ...
Unpacking xdg-desktop-portal-gtk (1.15.1-1build2) ...
Selecting previously unselected package xsltproc.
Preparing to unpack .../300-xsltproc_1.1.39-0exp1ubuntu0.24.04.3_amd64.deb ...
Unpacking xsltproc (1.1.39-0exp1ubuntu0.24.04.3) ...
Setting up bubblewrap (0.9.0-1ubuntu0.1) ...
Setting up javascript-common (11+nmu1) ...
Setting up libgraphite2-3:amd64 (1.3.14-2ubuntu0.24.04.1) ...
Setting up libboost-python1.83.0 (1.83.0-2.1ubuntu3.2) ...
Setting up libglib2.0-dev-bin (2.80.0-6ubuntu3.8) ...
Setting up libboost-program-options1.83.0:amd64 (1.83.0-2.1ubuntu3.2) ...
Setting up mesa-libgallium:amd64 (25.2.8-0ubuntu0.24.04.2) ...
Setting up libjpeg-turbo8-dev:amd64 (2.1.5-2ubuntu2) ...
Setting up libboost-stacktrace1.83.0:amd64 (1.83.0-2.1ubuntu3.2) ...
Setting up libboost1.83-dev:amd64 (1.83.0-2.1ubuntu3.2) ...
Setting up gir1.2-freedesktop:amd64 (1.80.1-1) ...
Setting up swig (4.2.0-2ubuntu1) ...
Setting up libpixman-1-dev:amd64 (0.42.2-1build1) ...
Setting up libzstd-dev:amd64 (1.5.5+dfsg2-2build1.1) ...
Setting up libboost-nowide1.83.0 (1.83.0-2.1ubuntu3.2) ...
Setting up libpangoxft-1.0-0:amd64 (1.52.1+ds-1build1) ...
Setting up libglvnd-core-dev:amd64 (1.7.0-1build1) ...
Setting up libboost-date-time1.83.0:amd64 (1.83.0-2.1ubuntu3.2) ...
Setting up libice-dev:amd64 (2:1.0.10-1build3) ...
Setting up libboost-json1.83.0:amd64 (1.83.0-2.1ubuntu3.2) ...
Setting up libgbm1:amd64 (25.2.8-0ubuntu0.24.04.2) ...
Setting up ibverbs-providers:amd64 (50.0-2ubuntu0.2) ...
Setting up libboost-timer1.83.0:amd64 (1.83.0-2.1ubuntu3.2) ...
Setting up libgirepository-2.0-0:amd64 (2.80.0-6ubuntu3.8) ...
Setting up guile-3.0-libs:amd64 (3.0.9-1build2) ...
Setting up gir1.2-atk-1.0:amd64 (2.52.0-1build1) ...
Setting up libsm-dev:amd64 (2:1.2.3-1build3) ...
Setting up libevent-pthreads-2.1-7t64:amd64 (2.1.12-stable-9ubuntu2) ...
Setting up libaqbanking-data (6.5.4-2build3) ...
Setting up libfribidi-dev:amd64 (1.0.13-3build1) ...
Setting up libboost-regex1.83.0:amd64 (1.83.0-2.1ubuntu3.2) ...
Setting up libxkbcommon-dev:amd64 (1.6.0-1build1) ...
Setting up libdbi1t64:amd64 (0.9.0-6.1build1) ...
Setting up libevent-openssl-2.1-7t64:amd64 (2.1.12-stable-9ubuntu2) ...
Setting up libgl1-mesa-dri:amd64 (25.2.8-0ubuntu0.24.04.2) ...
Setting up libboost-system1.83.0:amd64 (1.83.0-2.1ubuntu3.2) ...
Setting up libgdk-pixbuf2.0-common (2.42.10+dfsg-3ubuntu3.3) ...
Setting up libboost-context1.83.0:amd64 (1.83.0-2.1ubuntu3.2) ...
Setting up pango1.0-tools (1.52.1+ds-1build1) ...
Setting up libboost-program-options1.83-dev:amd64 (1.83.0-2.1ubuntu3.2) ...
Setting up libboost-random1.83.0:amd64 (1.83.0-2.1ubuntu3.2) ...
Setting up libpython3.12-minimal:amd64 (3.12.3-1ubuntu0.15) ...
Setting up libnghttp2-14:amd64 (1.59.0-1ubuntu0.4) ...
Setting up libjbig-dev:amd64 (2.1-6.1ubuntu2) ...
Setting up libwebpdecoder3:amd64 (1.3.2-0.4build3) ...
Setting up libboost-thread1.83.0:amd64 (1.83.0-2.1ubuntu3.2) ...
Setting up gettext-base (0.21-14ubuntu2) ...
Setting up libgstreamer-plugins-base1.0-0:amd64 (1.24.2-1ubuntu0.4) ...
Setting up libharfbuzz-gobject0:amd64 (8.3.0-2build2) ...
Setting up gir1.2-atspi-2.0:amd64 (2.52.0-1build1) ...
Setting up libboost-filesystem1.83.0:amd64 (1.83.0-2.1ubuntu3.2) ...
Setting up googletest (1.14.0-1) ...
Setting up gir1.2-harfbuzz-0.0:amd64 (8.3.0-2build2) ...
Setting up libboost-url1.83.0:amd64 (1.83.0-2.1ubuntu3.2) ...
Setting up libpcre2-16-0:amd64 (10.42-4ubuntu2.1) ...
Setting up libpsl-dev:amd64 (0.21.2-1.1build1) ...
Setting up libnuma-dev:amd64 (2.0.18-1ubuntu0.24.04.1) ...
Setting up libxnvctrl0:amd64 (510.47.03-0ubuntu4.24.04.1) ...
Setting up libosp5 (1.5.2-15ubuntu2) ...
Setting up libboost-atomic1.83.0:amd64 (1.83.0-2.1ubuntu3.2) ...
Setting up libxfixes-dev:amd64 (1:6.0.0-2build1) ...
Setting up libsysprof-capture-4-dev:amd64 (46.0-1build1) ...
Setting up libboost-serialization1.83.0:amd64 (1.83.0-2.1ubuntu3.2) ...
Setting up libxcb-shm0-dev:amd64 (1.15-1ubuntu2) ...
Setting up libboost-numpy1.83.0 (1.83.0-2.1ubuntu3.2) ...
Setting up libgraphite2-dev:amd64 (1.3.14-2ubuntu0.24.04.1) ...
Setting up gir1.2-pango-1.0:amd64 (1.52.1+ds-1build1) ...
Setting up libxrandr-dev:amd64 (2:1.5.2-2build1) ...
Setting up libpcre2-32-0:amd64 (10.42-4ubuntu2.1) ...
Setting up libegl-mesa0:amd64 (25.2.8-0ubuntu0.24.04.2) ...
Setting up libgstreamer-gl1.0-0:amd64 (1.24.2-1ubuntu0.4) ...
Setting up libjavascriptcoregtk-4.1-0:amd64 (2.52.3-0ubuntu0.24.04.1) ...
Setting up gstreamer1.0-plugins-base:amd64 (1.24.2-1ubuntu0.4) ...
Setting up libmunge2:amd64 (0.5.15-4ubuntu0.1) ...
Setting up gir1.2-secret-1:amd64 (0.21.4-1build3) ...
Setting up libharfbuzz-cairo0:amd64 (8.3.0-2build2) ...
Setting up libboost-program-options-dev:amd64 (1.83.0.1ubuntu2) ...
Setting up libdbus-1-dev:amd64 (1.14.10-4ubuntu4.1) ...
Setting up libgpg-error-dev (1.47-3build2.1) ...
Setting up libboost-chrono1.83.0t64:amd64 (1.83.0-2.1ubuntu3.2) ...
Setting up libboost-iostreams1.83.0:amd64 (1.83.0-2.1ubuntu3.2) ...
Setting up uuid-dev:amd64 (2.39.3-9ubuntu6.5) ...
Setting up libgles1:amd64 (1.7.0-1build1) ...
Setting up libboost-nowide1.83-dev (1.83.0-2.1ubuntu3.2) ...
Setting up libhwloc15:amd64 (2.10.0-1build1) ...
Setting up libboost-stacktrace1.83-dev:amd64 (1.83.0-2.1ubuntu3.2) ...
Setting up libboost-numpy1.83-dev (1.83.0-2.1ubuntu3.2) ...
Setting up icu-devtools (74.2-1ubuntu3.1) ...
Setting up libxinerama-dev:amd64 (2:1.1.4-3build1) ...
Setting up libsepol-dev:amd64 (3.5-2build1) ...
Setting up libxcb-render0-dev:amd64 (1.15-1ubuntu2) ...
Setting up liblerc-dev:amd64 (4.0.0+ds-4ubuntu2) ...
Setting up libfuse3-3:amd64 (3.14.0-5build1) ...
Setting up libltdl7:amd64 (2.4.7-7build1) ...
Setting up libboost-test1.83.0:amd64 (1.83.0-2.1ubuntu3.2) ...
Setting up libboost-fiber1.83.0:amd64 (1.83.0-2.1ubuntu3.2) ...
Setting up libboost-atomic1.83-dev:amd64 (1.83.0-2.1ubuntu3.2) ...
Setting up libevent-extra-2.1-7t64:amd64 (2.1.12-stable-9ubuntu2) ...
Setting up libfdisk1:amd64 (2.39.3-9ubuntu6.5) ...
Setting up gir1.2-soup-3.0:amd64 (3.4.4-5ubuntu0.7) ...
Setting up libboost-atomic-dev:amd64 (1.83.0.1ubuntu2) ...
Setting up xdg-dbus-proxy (0.1.5-1ubuntu0.2) ...
Setting up libpcre2-posix3:amd64 (10.42-4ubuntu2.1) ...
Setting up wayland-protocols (1.45-1~ubuntu0.24.04.2) ...
Setting up libnl-3-dev:amd64 (3.7.0-0.3build1.1) ...
Setting up mount (2.39.3-9ubuntu6.5) ...
Setting up libdatrie-dev:amd64 (0.2.13-3build1) ...
Setting up gir1.2-glib-2.0-dev:amd64 (2.80.0-6ubuntu3.8) ...
Setting up libgwenhywfar-data (5.10.2-2.1build4) ...
Setting up libboost-exception1.83-dev:amd64 (1.83.0-2.1ubuntu3.2) ...
Setting up libtiff6:amd64 (4.5.1+git230720-4ubuntu2.5) ...
Setting up libboost-stacktrace-dev:amd64 (1.83.0.1ubuntu2) ...
Setting up libboost-graph1.83.0:amd64 (1.83.0-2.1ubuntu3.2) ...
Setting up libpsm2-2 (11.2.185-2build1) ...
Setting up openmpi-common (4.1.6-7ubuntu2) ...
Setting up libharfbuzz-subset0:amd64 (8.3.0-2build2) ...
Setting up libboost-container1.83.0:amd64 (1.83.0-2.1ubuntu3.2) ...
Setting up librdmacm1t64:amd64 (50.0-2ubuntu0.2) ...
Setting up libglx-dev:amd64 (1.7.0-1build1) ...
Setting up libgdk-pixbuf-2.0-0:amd64 (2.42.10+dfsg-3ubuntu3.3) ...
Setting up libboost-type-erasure1.83.0:amd64 (1.83.0-2.1ubuntu3.2) ...
Setting up libboost-dev:amd64 (1.83.0.1ubuntu2) ...
Setting up libboost-system1.83-dev:amd64 (1.83.0-2.1ubuntu3.2) ...
Setting up libpsm-infinipath1 (3.3+20.604758e7-6.3build1) ...
update-alternatives: using /usr/lib/libpsm1/libpsm_infinipath.so.1.16 to provide /usr/lib/x86_64-linux-gnu/libpsm_infinipath.so.1 (libpsm_infinipath.so.1) in auto mode
Setting up libboost-math1.83.0:amd64 (1.83.0-2.1ubuntu3.2) ...
Setting up libopengl-dev:amd64 (1.7.0-1build1) ...
Setting up libjs-jquery (3.6.1+dfsg+~3.5.14-1) ...
Setting up libjpeg8-dev:amd64 (8c-2ubuntu11) ...
Setting up libxi-dev:amd64 (2:1.8.1-1build1) ...
Setting up guile-3.0 (3.0.9-1build2) ...
update-alternatives: using /usr/lib/x86_64-linux-gnu/guile/3.0/bin/guile to provide /usr/bin/guile (guile) in auto mode
Setting up libsharpyuv-dev:amd64 (1.3.2-0.4build3) ...
Setting up libgfortran-13-dev:amd64 (13.3.0-6ubuntu2~24.04.1) ...
Setting up libgc-dev:amd64 (1:8.2.6-1build1) ...
Setting up libtiffxx6:amd64 (4.5.1+git230720-4ubuntu2.5) ...
Setting up libdeflate-dev:amd64 (1.19-1build1.1) ...
Setting up libicu-dev:amd64 (74.2-1ubuntu3.1) ...
Setting up libxml2:amd64 (2.9.14+dfsg-1.3ubuntu3.8) ...
Setting up libgl-dev:amd64 (1.7.0-1build1) ...
Setting up libboost1.83-tools-dev (1.83.0-2.1ubuntu3.2) ...
Setting up libhsakmt1:amd64 (5.7.0-1build1) ...
Setting up libjs-underscore (1.13.4~dfsg+~1.11.4-3) ...
Setting up libxtst-dev:amd64 (2:1.2.3-1.1build1) ...
Setting up libxdamage-dev:amd64 (1:1.1.6-1build1) ...
Setting up libdbi-dev (0.9.0-6.1build1) ...
Setting up gstreamer1.0-gl:amd64 (1.24.2-1ubuntu0.4) ...
Setting up libfabric1:amd64 (1.17.0-3build2) ...
Setting up python3.12-minimal (3.12.3-1ubuntu0.15) ...
Setting up libblkid-dev:amd64 (2.39.3-9ubuntu6.5) ...
Setting up libnghttp2-dev:amd64 (1.59.0-1ubuntu0.4) ...
Setting up libwebkit2gtk-4.1-0:amd64 (2.52.3-0ubuntu0.24.04.1) ...
Setting up libboost-wave1.83.0:amd64 (1.83.0-2.1ubuntu3.2) ...
Setting up gettext (0.21-14ubuntu2) ...
Setting up libglx-mesa0:amd64 (25.2.8-0ubuntu0.24.04.2) ...
Setting up libboost-coroutine1.83.0:amd64 (1.83.0-2.1ubuntu3.2) ...
Setting up libboost-chrono1.83-dev:amd64 (1.83.0-2.1ubuntu3.2) ...
Setting up libpython3.12-stdlib:amd64 (3.12.3-1ubuntu0.15) ...
Setting up libgtest-dev:amd64 (1.14.0-1) ...
Setting up libpcre2-dev:amd64 (10.42-4ubuntu2.1) ...
Setting up gir1.2-gdkpixbuf-2.0:amd64 (2.42.10+dfsg-3ubuntu3.3) ...
Setting up libegl-dev:amd64 (1.7.0-1build1) ...
Setting up libboost-math1.83-dev:amd64 (1.83.0-2.1ubuntu3.2) ...
Setting up libboost-chrono-dev:amd64 (1.83.0.1ubuntu2) ...
Setting up libselinux1-dev:amd64 (3.5-2ubuntu2.1) ...
Setting up libboost-log1.83.0 (1.83.0-2.1ubuntu3.2) ...
Setting up libxcomposite-dev:amd64 (1:0.4.5-1build3) ...
Setting up libdbd-sqlite3:amd64 (0.9.0-12) ...
Setting up libxcursor-dev:amd64 (1:1.2.1-1build1) ...
Setting up libboost-math-dev:amd64 (1.83.0.1ubuntu2) ...
Setting up python3.12 (3.12.3-1ubuntu0.15) ...
Setting up libboost-system-dev:amd64 (1.83.0.1ubuntu2) ...
Setting up libepoxy-dev:amd64 (1.5.10-1build1) ...
Setting up xsltproc (1.1.39-0exp1ubuntu0.24.04.3) ...
Setting up libboost-serialization1.83-dev:amd64 (1.83.0-2.1ubuntu3.2) ...
Setting up gir1.2-gtk-3.0:amd64 (3.24.41-4ubuntu1.3) ...
Setting up libjpeg-dev:amd64 (8c-2ubuntu11) ...
Setting up libboost-locale1.83.0:amd64 (1.83.0-2.1ubuntu3.2) ...
Setting up libboost-test1.83-dev:amd64 (1.83.0-2.1ubuntu3.2) ...
Setting up libboost-url1.83-dev:amd64 (1.83.0-2.1ubuntu3.2) ...
Setting up libboost-tools-dev (1.83.0.1ubuntu2) ...
Setting up libofx7t64:amd64 (1:0.10.9-1.1build2) ...
Setting up libboost-filesystem1.83-dev:amd64 (1.83.0-2.1ubuntu3.2) ...
Setting up libboost-exception-dev:amd64 (1.83.0.1ubuntu2) ...
Setting up opensp (1.5.2-15ubuntu2) ...
Setting up libgwenhywfar79t64:amd64 (5.10.2-2.1build4) ...
Setting up libxmlsec1t64:amd64 (1.2.39-5build2) ...
Setting up libhwloc-plugins:amd64 (2.10.0-1build1) ...
Setting up libboost-nowide-dev (1.83.0.1ubuntu2) ...
Setting up gfortran-13-x86-64-linux-gnu (13.3.0-6ubuntu2~24.04.1) ...
Setting up gir1.2-javascriptcoregtk-4.1:amd64 (2.52.3-0ubuntu0.24.04.1) ...
Setting up fuse3 (3.14.0-5build1) ...
Setting up libboost-test-dev:amd64 (1.83.0.1ubuntu2) ...
Setting up libpython3.12t64:amd64 (3.12.3-1ubuntu0.15) ...
Setting up libnl-route-3-dev:amd64 (3.7.0-0.3build1.1) ...
Setting up libltdl-dev:amd64 (2.4.7-7build1) ...
Setting up libwayland-bin (1.22.0-2.1build1) ...
Setting up libxml2-dev:amd64 (2.9.14+dfsg-1.3ubuntu3.8) ...
Setting up libwebp-dev:amd64 (1.3.2-0.4build3) ...
Setting up libjs-jquery-ui (1.13.2+dfsg-1) ...
Setting up libboost-timer1.83-dev:amd64 (1.83.0-2.1ubuntu3.2) ...
Setting up libllvm17t64:amd64 (1:17.0.6-9ubuntu1) ...
Setting up libgcrypt20-dev (1.10.3-2ubuntu0.1) ...
Setting up libtiff-dev:amd64 (4.5.1+git230720-4ubuntu2.5) ...
Setting up libboost-container1.83-dev:amd64 (1.83.0-2.1ubuntu3.2) ...
Setting up gfortran-13 (13.3.0-6ubuntu2~24.04.1) ...
Setting up libboost-date-time1.83-dev:amd64 (1.83.0-2.1ubuntu3.2) ...
Setting up gir1.2-freedesktop-dev:amd64 (1.80.1-1) ...
Setting up libboost-numpy-dev (1.83.0.1ubuntu2) ...
Setting up libaqbanking44:amd64 (6.5.4-2build3) ...
Setting up libevent-dev (2.1.12-stable-9ubuntu2) ...
Setting up libgwenhywfar-core-dev:amd64 (5.10.2-2.1build4) ...
Setting up libboost-regex1.83-dev:amd64 (1.83.0-2.1ubuntu3.2) ...
Setting up libboost-random1.83-dev:amd64 (1.83.0-2.1ubuntu3.2) ...
Setting up libboost-serialization-dev:amd64 (1.83.0.1ubuntu2) ...
Setting up libpmix2t64:amd64 (5.0.1-4.1build1) ...
Setting up libgmock-dev:amd64 (1.14.0-1) ...
Setting up libboost-date-time-dev:amd64 (1.83.0.1ubuntu2) ...
Setting up libjs-sphinxdoc (7.2.6-6) ...
Setting up libthai-dev:amd64 (0.1.29-2build1) ...
Setting up libgdk-pixbuf2.0-bin (2.42.10+dfsg-3ubuntu3.3) ...
Setting up libhsa-runtime64-1 (5.7.1-2build1) ...
Setting up libboost-url-dev:amd64 (1.83.0.1ubuntu2) ...
Setting up libhwloc-dev:amd64 (2.10.0-1build1) ...
Setting up libamd-comgr2:amd64 (6.0+git20231212.4510c28+dfsg-3build2) ...
Setting up guile-3.0-dev (3.0.9-1build2) ...
update-alternatives: using /usr/bin/guile-config-3.0 to provide /usr/bin/guile-config (guile-config) in auto mode
update-alternatives: using /usr/share/aclocal/guile-3.0.m4 to provide /usr/share/aclocal/guile.m4 (guile-autoconf-macros) in auto mode
Setting up libaqbanking-dev:amd64 (6.5.4-2build3) ...
Setting up libgles-dev:amd64 (1.7.0-1build1) ...
Setting up libboost-regex-dev:amd64 (1.83.0.1ubuntu2) ...
Setting up libmount-dev:amd64 (2.39.3-9ubuntu6.5) ...
Setting up libboost-timer-dev:amd64 (1.83.0.1ubuntu2) ...
Setting up libboost-filesystem-dev:amd64 (1.83.0.1ubuntu2) ...
Setting up libpmix-dev:amd64 (5.0.1-4.1build1) ...
Setting up libboost-thread1.83-dev:amd64 (1.83.0-2.1ubuntu3.2) ...
Setting up xdg-desktop-portal (1.18.4-1ubuntu2.24.04.2) ...
Created symlink /etc/systemd/user/graphical-session-pre.target.wants/xdg-desktop-portal-rewrite-launchers.service → /usr/lib/systemd/user/xdg-desktop-portal-rewrite-launchers.service.
Setting up libboost-json1.83-dev:amd64 (1.83.0-2.1ubuntu3.2) ...
Setting up libboost-wave1.83-dev:amd64 (1.83.0-2.1ubuntu3.2) ...
Setting up libxslt1-dev:amd64 (1.1.39-0exp1ubuntu0.24.04.3) ...
Setting up libboost-locale1.83-dev:amd64 (1.83.0-2.1ubuntu3.2) ...
Setting up gir1.2-webkit2-4.1:amd64 (2.52.3-0ubuntu0.24.04.1) ...
Setting up python3.12-venv (3.12.3-1ubuntu0.15) ...
Setting up libcoarrays-dev:amd64 (2.10.2+ds-2.1build2) ...
Setting up libgwengui-gtk3-79t64:amd64 (5.10.2-2.1build4) ...
Setting up libboost-iostreams1.83-dev:amd64 (1.83.0-2.1ubuntu3.2) ...
Setting up libboost-type-erasure1.83-dev:amd64 (1.83.0-2.1ubuntu3.2) ...
Setting up libboost-random-dev:amd64 (1.83.0.1ubuntu2) ...
Setting up libglvnd-dev:amd64 (1.7.0-1build1) ...
Setting up libboost-locale-dev:amd64 (1.83.0.1ubuntu2) ...
Setting up libpython3.12-dev:amd64 (3.12.3-1ubuntu0.15) ...
Setting up libboost-wave-dev:amd64 (1.83.0.1ubuntu2) ...
Setting up libboost-iostreams-dev:amd64 (1.83.0.1ubuntu2) ...
Setting up libibverbs-dev:amd64 (50.0-2ubuntu0.2) ...
Setting up gfortran-x86-64-linux-gnu (4:13.2.0-7ubuntu1) ...
Setting up libwayland-dev:amd64 (1.22.0-2.1build1) ...
Setting up libboost-graph1.83-dev:amd64 (1.83.0-2.1ubuntu3.2) ...
Setting up gfortran (4:13.2.0-7ubuntu1) ...
update-alternatives: using /usr/bin/gfortran to provide /usr/bin/f95 (f95) in auto mode
update-alternatives: warning: skip creation of /usr/share/man/man1/f95.1.gz because associated file /usr/share/man/man1/gfortran.1.gz (of link group f95) doesn't exist
update-alternatives: using /usr/bin/gfortran to provide /usr/bin/f77 (f77) in auto mode
update-alternatives: warning: skip creation of /usr/share/man/man1/f77.1.gz because associated file /usr/share/man/man1/gfortran.1.gz (of link group f77) doesn't exist
Setting up libboost-container-dev:amd64 (1.83.0.1ubuntu2) ...
Setting up libboost-type-erasure-dev:amd64 (1.83.0.1ubuntu2) ...
Setting up libboost-context1.83-dev:amd64 (1.83.0-2.1ubuntu3.2) ...
Setting up libboost-coroutine1.83-dev:amd64 (1.83.0-2.1ubuntu3.2) ...
Setting up libamdhip64-5 (5.7.1-3) ...
Setting up libglib2.0-dev:amd64 (2.80.0-6ubuntu3.8) ...
Setting up libboost-fiber1.83-dev:amd64 (1.83.0-2.1ubuntu3.2) ...
Setting up python3.12-dev (3.12.3-1ubuntu0.15) ...
Setting up libboost-coroutine-dev:amd64 (1.83.0.1ubuntu2) ...
Setting up libboost-log1.83-dev (1.83.0-2.1ubuntu3.2) ...
Setting up libboost-json-dev:amd64 (1.83.0.1ubuntu2) ...
Setting up libboost-log-dev (1.83.0.1ubuntu2) ...
Setting up libboost-thread-dev:amd64 (1.83.0.1ubuntu2) ...
Setting up libboost-fiber-dev:amd64 (1.83.0.1ubuntu2) ...
Setting up libegl1-mesa-dev:amd64 (25.2.8-0ubuntu0.24.04.2) ...
Setting up libgwengui-gtk3-dev:amd64 (5.10.2-2.1build4) ...
Setting up xdg-desktop-portal-gtk (1.15.1-1build2) ...
Setting up libboost-graph-dev:amd64 (1.83.0.1ubuntu2) ...
Setting up libucx0:amd64 (1.16.0+ds-5ubuntu1) ...
Setting up libpython3-dev:amd64 (3.12.3-0ubuntu2.1) ...
Setting up libboost-context-dev:amd64 (1.83.0.1ubuntu2) ...
Setting up python3-dev (3.12.3-0ubuntu2.1) ...
Setting up libboost-python1.83-dev (1.83.0-2.1ubuntu3.2) ...
Setting up libopenmpi3t64:amd64 (4.1.6-7ubuntu2) ...
Setting up libboost-mpi1.83.0 (1.83.0-2.1ubuntu3.2) ...
Setting up openmpi-bin (4.1.6-7ubuntu2) ...
update-alternatives: using /usr/bin/mpirun.openmpi to provide /usr/bin/mpirun (mpirun) in auto mode
update-alternatives: using /usr/bin/mpicc.openmpi to provide /usr/bin/mpicc (mpi) in auto mode
Setting up libboost-graph-parallel1.83.0 (1.83.0-2.1ubuntu3.2) ...
Setting up mpi-default-bin (1.15build1) ...
Setting up libboost-python-dev (1.83.0.1ubuntu2) ...
Setting up libcaf-openmpi-3t64:amd64 (2.10.2+ds-2.1build2) ...
Setting up libopenmpi-dev:amd64 (4.1.6-7ubuntu2) ...
update-alternatives: using /usr/lib/x86_64-linux-gnu/openmpi/include to provide /usr/include/x86_64-linux-gnu/mpi (mpi-x86_64-linux-gnu) in auto mode
Setting up libboost-graph-parallel1.83-dev (1.83.0-2.1ubuntu3.2) ...
Setting up libboost-mpi-python1.83.0 (1.83.0-2.1ubuntu3.2) ...
Setting up libcoarrays-openmpi-dev:amd64 (2.10.2+ds-2.1build2) ...
update-alternatives: using /usr/lib/x86_64-linux-gnu/open-coarrays/openmpi/bin/caf to provide /usr/bin/caf.openmpi (caf-openmpi) in auto mode
update-alternatives: using /usr/bin/caf.openmpi to provide /usr/bin/caf (caf) in auto mode
Setting up libboost-graph-parallel-dev (1.83.0.1ubuntu2) ...
Setting up mpi-default-dev (1.15build1) ...
Setting up libboost-mpi1.83-dev (1.83.0-2.1ubuntu3.2) ...
Setting up libboost-mpi-dev (1.83.0.1ubuntu2) ...
Setting up libboost-mpi-python1.83-dev (1.83.0-2.1ubuntu3.2) ...
Setting up libboost-mpi-python-dev (1.83.0.1ubuntu2) ...
Setting up libboost-all-dev (1.83.0.1ubuntu2) ...
Processing triggers for libc-bin (2.39-0ubuntu8.7) ...
Processing triggers for ccache (4.9.1-1) ...
Updating symlinks in /usr/lib/ccache ...
Processing triggers for systemd (255.4-1ubuntu8.12) ...
Processing triggers for libglib2.0-0t64:amd64 (2.80.0-6ubuntu3.8) ...
Setting up libsoup-3.0-dev:amd64 (3.4.4-5ubuntu0.7) ...
Processing triggers for sgml-base (1.31) ...
Setting up libcairo2-dev:amd64 (1.18.0-3build1) ...
Setting up libosp-dev (1.5.2-15ubuntu2) ...
Setting up libjavascriptcoregtk-4.1-dev:amd64 (2.52.3-0ubuntu0.24.04.1) ...
Setting up libatk1.0-dev:amd64 (2.52.0-1build1) ...
Setting up libgdk-pixbuf-2.0-dev:amd64 (2.42.10+dfsg-3ubuntu3.3) ...
Setting up libatspi2.0-dev:amd64 (2.52.0-1build1) ...
Setting up libharfbuzz-dev:amd64 (8.3.0-2build2) ...
Setting up libatk-bridge2.0-dev:amd64 (2.52.0-1build1) ...
Setting up libofx-dev:amd64 (1:0.10.9-1.1build2) ...
Setting up libsecret-1-dev:amd64 (0.21.4-1build3) ...
Setting up libpango1.0-dev:amd64 (1.52.1+ds-1build1) ...
Setting up libgtk-3-dev:amd64 (3.24.41-4ubuntu1.3) ...
Setting up libwebkit2gtk-4.1-dev (2.52.3-0ubuntu0.24.04.1) ...
